drop view vendas;
drop view hierarquias_cat;
drop table evento_reposicao;
drop table planograma;
drop table tem_outra;
drop table tem_categoria;
drop table responsavel_por;
drop table instalada_em;
drop table prateleira;
drop table super_categoria;
drop table produto;
drop table categoria_simples;
drop table categoria;
drop table ivm;
drop table ponto_de_retalho;
drop table retalhista;
create table categoria (categoria_nome 	varchar(80)	not null unique, constraint pk_categoria primary key(categoria_nome));
create table categoria_simples (categoria_simples_nome  varchar(80)	not null unique, constraint pk_categoria_simples primary key(categoria_simples_nome), constraint fk_categoria_simples_categoria foreign key(categoria_simples_nome) references categoria(categoria_nome));
create table super_categoria (super_categoria_nome    varchar(80)    not null unique, constraint pk_super_categoria primary key(super_categoria_nome), constraint fk_super_categoria_categoria foreign key(super_categoria_nome) references categoria(categoria_nome));
create table tem_outra (super_categoria_nome varchar(80) not null, categoria_nome varchar(80) not null unique, constraint pk_tem_outra primary key(categoria_nome), constraint fk_tem_outra_super_categoria foreign key(super_categoria_nome) references super_categoria(super_categoria_nome), constraint fk_tem_outra_categoria foreign key(categoria_nome) references categoria(categoria_nome));
create table produto (ean numeric(13) not null unique, categoria_simples_nome varchar(80) not null, descr varchar(50) not null, constraint pk_produto primary key(ean), constraint fk_produto_categoria_simples foreign key(categoria_simples_nome) references categoria_simples(categoria_simples_nome));
create table tem_categoria (ean numeric(13) not null, categoria_simples_nome varchar(80) not null, constraint pk_tem_categoria primary key(ean), constraint fk_tem_categoria_produto foreign key(ean) references produto(ean), constraint fk_tem_categoria_categoria foreign key(categoria_simples_nome) references categoria_simples(categoria_simples_nome));
create table ivm (num_serie numeric(13) not null, fabricante varchar(80) not null, constraint pk_ivm primary key(num_serie, fabricante));
create table ponto_de_retalho (ponto_de_retalho_nome varchar(80) not null unique, concelho varchar(80) not null, distrito varchar(80) not null, constraint pk_ponto_de_retalho primary key(ponto_de_retalho_nome));
create table instalada_em (num_serie numeric(13) not null, fabricante varchar(80) not null, ponto_de_retalho_nome varchar(80) not null, constraint pk_instalada_em primary key(num_serie, fabricante), constraint fk_instalada_em_ivm foreign key(num_serie, fabricante) references ivm(num_serie, fabricante), constraint fk_instalada_em_ponto_de_retalho foreign key(ponto_de_retalho_nome) references ponto_de_retalho(ponto_de_retalho_nome));
create table prateleira (num_prateleira numeric(2) not null, num_serie numeric(13) not null, fabricante varchar(80) not null, altura numeric(3) not null, categoria_simples_nome varchar(80) not null, constraint pk_prateleira primary key(num_prateleira, num_serie, fabricante), constraint fk_instalada_em_ivm foreign key(num_serie, fabricante) references ivm(num_serie, fabricante), constraint fk_tem_categoria_categoria_simples foreign key(categoria_simples_nome) references categoria_simples(categoria_simples_nome));
create table planograma (ean numeric(13) not null, num_prateleira numeric(2) not null, num_serie numeric(13) not null, fabricante varchar(80) not null, faces numeric(2) not null, unidades numeric(2) not null, loc varchar(80) not null, constraint pk_planograma primary key(ean, num_prateleira, num_serie, fabricante), constraint fk_planograma_produto foreign key(ean) references produto(ean), constraint fk_planograma_prateleira foreign key(num_prateleira, num_serie, fabricante) references prateleira(num_prateleira, num_serie, fabricante));
create table retalhista (tin numeric(13) not null unique, retalhista_nome varchar(80) not null unique, constraint pk_retalhista primary key(tin));
create table responsavel_por (tin numeric(13) not null, num_serie numeric(13) not null, fabricante varchar(80) not null, constraint pk_responsavel_por primary key(num_serie, fabricante), constraint fk_responsavel_por_retalhista foreign key(tin) references retalhista(tin), constraint fk_responsavel_por_ivm foreign key(num_serie, fabricante) references ivm(num_serie, fabricante));
create table evento_reposicao (ean numeric(13) not null, num_prateleira numeric(2) not null, num_serie numeric(13) not null, fabricante varchar(80) not null, instante timestamp without time zone, unidades numeric(4) not null, tin numeric(13) not null, constraint pk_evento_reposicao primary key(ean, num_prateleira, num_serie, fabricante, instante), constraint fk_evento_reposicao_retalhista foreign key(tin) references retalhista(tin), constraint fk_evento_reposicao_planograma foreign key(ean, num_prateleira, num_serie, fabricante) references planograma(ean, num_prateleira, num_serie, fabricante));
insert into categoria values ('Bebidas');
insert into categoria values ('Águas');
insert into categoria values ('Laticinios');
insert into categoria values ('Bebidas Quentes');
insert into categoria values ('Bebidas Frias');
insert into categoria values ('Refrigerantes');
insert into categoria values ('Bebidas Energéticas');
insert into categoria values ('Sumos');
insert into categoria values ('Bebidas Alcoólicas');
insert into categoria values ('Cafés');
insert into categoria values ('Chás e Chocolates');
insert into categoria values ('Comida');
insert into categoria values ('Pastelaria');
insert into categoria values ('Aperitivos');
insert into categoria values ('Enlatados');
insert into categoria values ('Aperitivos Doces');
insert into categoria values ('Aperitivos Salgados');
insert into categoria values ('Bolachas');
insert into categoria values ('Chocolates');
insert into categoria values ('Gomas');
insert into categoria values ('Batatas Fritas');
insert into categoria values ('Sandes');
insert into categoria values ('Bolos');
insert into categoria values ('Salgados');
insert into categoria values ('Frutas');
insert into categoria values ('Outros');
insert into categoria values ('Consumíveis');
insert into categoria values ('Higiene e Saude');
insert into categoria values ('Papelaria');
insert into categoria values ('Gelo');
insert into categoria values ('Pastilhas');
insert into categoria_simples values ('Águas');
insert into categoria_simples values ('Laticinios');
insert into categoria_simples values ('Refrigerantes');
insert into categoria_simples values ('Bebidas Energéticas');
insert into categoria_simples values ('Sumos');
insert into categoria_simples values ('Bebidas Alcoólicas');
insert into categoria_simples values ('Cafés');
insert into categoria_simples values ('Chás e Chocolates');
insert into categoria_simples values ('Enlatados');
insert into categoria_simples values ('Bolachas');
insert into categoria_simples values ('Chocolates');
insert into categoria_simples values ('Gomas');
insert into categoria_simples values ('Batatas Fritas');
insert into categoria_simples values ('Sandes');
insert into categoria_simples values ('Bolos');
insert into categoria_simples values ('Salgados');
insert into categoria_simples values ('Frutas');
insert into categoria_simples values ('Higiene e Saude');
insert into categoria_simples values ('Papelaria');
insert into categoria_simples values ('Gelo');
insert into categoria_simples values ('Pastilhas');
insert into super_categoria values ('Bebidas');
insert into super_categoria values ('Bebidas Quentes');
insert into super_categoria values ('Bebidas Frias');
insert into super_categoria values ('Comida');
insert into super_categoria values ('Pastelaria');
insert into super_categoria values ('Aperitivos');
insert into super_categoria values ('Aperitivos Doces');
insert into super_categoria values ('Aperitivos Salgados');
insert into super_categoria values ('Outros');
insert into super_categoria values ('Consumíveis');
insert into tem_outra values ('Bebidas', 'Laticinios');
insert into tem_outra values ('Bebidas', 'Águas');
insert into tem_outra values ('Bebidas', 'Bebidas Quentes');
insert into tem_outra values ('Bebidas', 'Bebidas Frias');
insert into tem_outra values ('Bebidas Quentes', 'Cafés');
insert into tem_outra values ('Bebidas Quentes', 'Chás e Chocolates');
insert into tem_outra values ('Bebidas Frias', 'Refrigerantes');
insert into tem_outra values ('Bebidas Frias', 'Sumos');
insert into tem_outra values ('Bebidas Frias', 'Bebidas Energéticas');
insert into tem_outra values ('Bebidas Frias', 'Bebidas Alcoólicas');
insert into tem_outra values ('Comida', 'Enlatados');
insert into tem_outra values ('Comida', 'Frutas');
insert into tem_outra values ('Comida', 'Pastelaria');
insert into tem_outra values ('Comida', 'Aperitivos');
insert into tem_outra values ('Pastelaria', 'Sandes');
insert into tem_outra values ('Pastelaria', 'Bolos');
insert into tem_outra values ('Pastelaria', 'Salgados');
insert into tem_outra values ('Aperitivos', 'Bolachas');
insert into tem_outra values ('Aperitivos', 'Aperitivos Doces');
insert into tem_outra values ('Aperitivos', 'Aperitivos Salgados');
insert into tem_outra values ('Aperitivos Doces', 'Gomas');
insert into tem_outra values ('Aperitivos Doces', 'Chocolates');
insert into tem_outra values ('Aperitivos Salgados', 'Batatas Fritas');
insert into tem_outra values ('Outros', 'Consumíveis');
insert into tem_outra values ('Outros', 'Papelaria');
insert into tem_outra values ('Outros', 'Gelo');
insert into tem_outra values ('Consumíveis', 'Pastilhas');
insert into produto values (8277017071665, 'Águas', 'Luso');
insert into produto values (5344744972884, 'Águas', 'Vitalis');
insert into produto values (1468742349281, 'Águas', 'Voss');
insert into produto values (6933349746483, 'Águas', 'Evian');
insert into produto values (3624127013048, 'Águas', 'Água das Pedras');
insert into produto values (7436239398082, 'Águas', 'Healsi');
insert into produto values (6695451872988, 'Águas', 'Friz');
insert into produto values (9309433720727, 'Águas', 'Monchique');
insert into produto values (4364545572541, 'Laticinios', 'Leite Gordo');
insert into produto values (8004343337244, 'Laticinios', 'Leite Meio-Gordo');
insert into produto values (1792119494879, 'Laticinios', 'Leite Magro');
insert into produto values (1786796992737, 'Laticinios', 'Ucal');
insert into produto values (4773510772361, 'Laticinios', 'Leite Morango');
insert into produto values (4507514029325, 'Laticinios', 'Leite Baunilha');
insert into produto values (2393828982064, 'Laticinios', 'Leite Banana');
insert into produto values (7990558838340, 'Laticinios', 'Leite Amendoa');
insert into produto values (4120646065829, 'Laticinios', 'Leite Soja');
insert into produto values (9148643601559, 'Laticinios', 'Leite Aveia');
insert into produto values (1970399813258, 'Refrigerantes', 'Coca-Cola');
insert into produto values (1415920407258, 'Refrigerantes', 'Pepsi');
insert into produto values (9436423843998, 'Refrigerantes', 'Ice Tea Limão');
insert into produto values (4116446086554, 'Refrigerantes', 'Sumol Laranja');
insert into produto values (4007856375212, 'Refrigerantes', 'Ice Tea Manga');
insert into produto values (1591885619623, 'Refrigerantes', 'Ice Tea Pessego');
insert into produto values (7949296596870, 'Refrigerantes', '7-up');
insert into produto values (9056373519185, 'Refrigerantes', 'Sumol Ananás');
insert into produto values (7862531865560, 'Refrigerantes', 'Fanta');
insert into produto values (5845675049179, 'Bebidas Energéticas', 'Redbull');
insert into produto values (8995534805862, 'Bebidas Energéticas', 'Redbull s/açucar');
insert into produto values (9972128589711, 'Bebidas Energéticas', 'Redbull Açaí');
insert into produto values (3433756858371, 'Bebidas Energéticas', 'Monster');
insert into produto values (5778006673339, 'Bebidas Energéticas', 'Burn');
insert into produto values (5422437870366, 'Bebidas Energéticas', 'Power+');
insert into produto values (6322066117311, 'Sumos', 'Compal Pera');
insert into produto values (4838583824881, 'Sumos', 'Compal Pessego');
insert into produto values (3004067520289, 'Sumos', 'Compal Manga');
insert into produto values (7867281547047, 'Sumos', 'Bongo');
insert into produto values (1388502170230, 'Sumos', 'Compal Laranja');
insert into produto values (2512806864646, 'Sumos', 'Sumo Laranja');
insert into produto values (8564323381223, 'Sumos', 'Limonada');
insert into produto values (3006258109754, 'Sumos', 'Sumo Frutos Vermelhos');
insert into produto values (1588368862294, 'Sumos', 'Compal Maçã');
insert into produto values (2972633052179, 'Bebidas Alcoólicas', 'Sagres');
insert into produto values (1961762608074, 'Bebidas Alcoólicas', 'Heineken');
insert into produto values (1943670441172, 'Bebidas Alcoólicas', 'Super Bock');
insert into produto values (1985742792864, 'Bebidas Alcoólicas', 'Sommersby');
insert into produto values (3410536415212, 'Bebidas Alcoólicas', 'Sommersby Frutos Vermelhos');
insert into produto values (7609421540708, 'Bebidas Alcoólicas', 'Bandida do Pomar');
insert into produto values (5603455607276, 'Bebidas Alcoólicas', 'Heineken Silver');
insert into produto values (9743550131525, 'Bebidas Alcoólicas', 'Crystal');
insert into produto values (2966486261635, 'Bebidas Alcoólicas', 'Argos');
insert into produto values (6832765095131, 'Bebidas Alcoólicas', 'Vinho Tinto');
insert into produto values (8030185700094, 'Bebidas Alcoólicas', 'Sangria');
insert into produto values (1767913590362, 'Cafés', 'Starbucks Latte');
insert into produto values (8951474757057, 'Cafés', 'Starbucks Latte Caramelo');
insert into produto values (4578369174019, 'Cafés', 'Go Chill Latte');
insert into produto values (1083824667588, 'Cafés', 'Go Chill Latte Caramelo');
insert into produto values (4363392137051, 'Cafés', 'Go Chill Latte Aveia');
insert into produto values (1625550139699, 'Chás e Chocolates', 'Chocolate Quente');
insert into produto values (4161276977659, 'Chás e Chocolates', 'Chocolate Branco Quente');
insert into produto values (4872647741072, 'Chás e Chocolates', 'Chá Verde');
insert into produto values (1071900184324, 'Chás e Chocolates', 'Matcha');
insert into produto values (2419370101677, 'Chás e Chocolates', 'Chá Preto');
insert into produto values (5311121102624, 'Enlatados', 'Atum Tenorio');
insert into produto values (7940229787025, 'Enlatados', 'Atum');
insert into produto values (2453609540508, 'Enlatados', 'Salsichas');
insert into produto values (5243209551946, 'Enlatados', 'Salsichas Aves');
insert into produto values (5775680912367, 'Enlatados', 'Salsichas Vegan');
insert into produto values (2340891527939, 'Frutas', 'Banana');
insert into produto values (6471869716982, 'Frutas', 'Maçã');
insert into produto values (5739588863582, 'Frutas', 'Ananás');
insert into produto values (5701128114035, 'Frutas', 'Pera');
insert into produto values (8394027391764, 'Frutas', 'Melancia');
insert into produto values (8165576689366, 'Frutas', 'Uvas');
insert into produto values (7813862519536, 'Frutas', 'Pessego');
insert into produto values (8940554794292, 'Bolachas', 'Oreos');
insert into produto values (3759784226315, 'Bolachas', 'Tuc');
insert into produto values (2573778806042, 'Bolachas', 'Tuc Presunto');
insert into produto values (8613107322864, 'Bolachas', 'Bolachas Agua e Sal');
insert into produto values (3345786165241, 'Bolachas', 'Philipinos');
insert into produto values (7362307416070, 'Bolachas', 'Bolachas Digestivas');
insert into produto values (1519997189837, 'Chocolates', 'M&M');
insert into produto values (7917634690250, 'Chocolates', 'M&M amendoim');
insert into produto values (5985409804091, 'Chocolates', 'M&M crispy');
insert into produto values (8377810473507, 'Chocolates', 'Kinder Bueno');
insert into produto values (5684394684188, 'Chocolates', 'Kinder Delice');
insert into produto values (8653781909919, 'Chocolates', 'Maltesers');
insert into produto values (6227218275617, 'Chocolates', 'Snickers');
insert into produto values (5788004280332, 'Chocolates', 'Twix');
insert into produto values (7883969941806, 'Chocolates', 'Mars');
insert into produto values (1052886131386, 'Chocolates', 'Smarties');
insert into produto values (2510353769360, 'Chocolates', 'Kinder');
insert into produto values (7845004830427, 'Chocolates', 'Bounty');
insert into produto values (5248846151702, 'Gomas', 'Haribo Ursos');
insert into produto values (2987948307130, 'Gomas', 'Haribo Starmix');
insert into produto values (7878616034728, 'Gomas', 'Haribo Favoritos');
insert into produto values (8450196743835, 'Gomas', 'Haribo Happy Cola');
insert into produto values (2479220216657, 'Gomas', 'Haribo Marshmallows');
insert into produto values (7403498365885, 'Gomas', 'Haribo Spaghetti');
insert into produto values (2149472099442, 'Gomas', 'Vidal Melancias');
insert into produto values (2348262137248, 'Gomas', 'Vidal Sortido');
insert into produto values (6603850730999, 'Gomas', 'Vidal Rainbow Belts');
insert into produto values (3125750693139, 'Batatas Fritas', 'Lays Gourmet');
insert into produto values (9625587832897, 'Batatas Fritas', 'Lays Light');
insert into produto values (5403360903101, 'Batatas Fritas', 'Lays Forno');
insert into produto values (6219541830862, 'Batatas Fritas', 'Ruffles Original');
insert into produto values (6514243268757, 'Batatas Fritas', 'Lays Original');
insert into produto values (8616611752094, 'Batatas Fritas', 'Pringles');
insert into produto values (2284344530635, 'Batatas Fritas', 'Pringles Paprika');
insert into produto values (8439455499278, 'Batatas Fritas', 'Pringles Sour Cream');
insert into produto values (5459415942837, 'Sandes', 'Sandes Queijo');
insert into produto values (6650262439477, 'Sandes', 'Sandes Queijo e Fiambre');
insert into produto values (4087699796587, 'Sandes', 'Sandes Presunto');
insert into produto values (8118918266130, 'Sandes', 'Hamburguer');
insert into produto values (1085234046721, 'Sandes', 'Hot Dog');
insert into produto values (1555053245786, 'Sandes', 'Hamburguer Queijo');
insert into produto values (9584833690590, 'Sandes', 'Sandes Vegan');
insert into produto values (8533636365161, 'Bolos', 'Waffle');
insert into produto values (2505292620512, 'Bolos', 'Waffle Chocolate');
insert into produto values (5947269556256, 'Bolos', 'Croissant Chocolate');
insert into produto values (1041036705095, 'Bolos', 'Croissant Creme');
insert into produto values (5932150501379, 'Bolos', 'Bolo Chocolate');
insert into produto values (6025014063287, 'Bolos', 'Bolo Cenoura');
insert into produto values (1025943703805, 'Bolos', 'Donut');
insert into produto values (5846218715704, 'Bolos', 'Donut Chocolate');
insert into produto values (3988656542326, 'Salgados', 'Folhado Misto');
insert into produto values (6075239865358, 'Salgados', 'Croquete');
insert into produto values (2360325987130, 'Salgados', 'Croquete Espinafres');
insert into produto values (9449159705966, 'Salgados', 'Folhado Espinafres');
insert into produto values (8364840225124, 'Salgados', 'Folhado Pizza');
insert into produto values (1284354657704, 'Salgados', 'Pizza Queijo');
insert into produto values (8776563521432, 'Salgados', 'Pizza Queijo e Fiambre');
insert into produto values (5493181691267, 'Salgados', 'Pão com Choriço');
insert into produto values (7154465797509, 'Higiene e Saude', 'Lenços');
insert into produto values (8519339191682, 'Higiene e Saude', 'Lenços Perfumados');
insert into produto values (1517011948532, 'Higiene e Saude', 'Máscaras Cirugicas');
insert into produto values (3892977199091, 'Higiene e Saude', 'Teste Covid-19');
insert into produto values (3418608887277, 'Higiene e Saude', 'Gel Desinfetante');
insert into produto values (1528910470243, 'Higiene e Saude', 'Repelente Mosquitos');
insert into produto values (1746191137346, 'Higiene e Saude', 'Fralda');
insert into produto values (1675328415728, 'Higiene e Saude', 'Toalhitas Humidas');
insert into produto values (3124727371836, 'Higiene e Saude', 'Algodão');
insert into produto values (5452149204981, 'Higiene e Saude', 'Álcool');
insert into produto values (5292599744895, 'Higiene e Saude', 'Betadine');
insert into produto values (0321302005519, 'Papelaria', 'Canetas Pretas');
insert into produto values (4176419843554, 'Papelaria', 'Canetas Azuis');
insert into produto values (3507797043457, 'Papelaria', 'Canetas Mix');
insert into produto values (3705347281078, 'Papelaria', 'Lapis');
insert into produto values (8870652112264, 'Papelaria', 'Borrachas');
insert into produto values (1111538823771, 'Papelaria', 'Corretor');
insert into produto values (2888818377511, 'Gelo', 'Gelo instantaneo');
insert into produto values (6347772554585, 'Pastilhas', 'Tridente Menta');
insert into produto values (1837598307905, 'Pastilhas', 'Tridente Morango');
insert into produto values (5752011825267, 'Pastilhas', 'Tridente Oral-B');
insert into produto values (8421250231352, 'Pastilhas', 'Tridente Frutos Vermelhos');
insert into tem_categoria values (8277017071665, 'Águas');
insert into tem_categoria values (5344744972884, 'Águas');
insert into tem_categoria values (1468742349281, 'Águas');
insert into tem_categoria values (6933349746483, 'Águas');
insert into tem_categoria values (3624127013048, 'Águas');
insert into tem_categoria values (7436239398082, 'Águas');
insert into tem_categoria values (6695451872988, 'Águas');
insert into tem_categoria values (9309433720727, 'Águas');
insert into tem_categoria values (4364545572541, 'Laticinios');
insert into tem_categoria values (8004343337244, 'Laticinios');
insert into tem_categoria values (1792119494879, 'Laticinios');
insert into tem_categoria values (1786796992737, 'Laticinios');
insert into tem_categoria values (4773510772361, 'Laticinios');
insert into tem_categoria values (4507514029325, 'Laticinios');
insert into tem_categoria values (2393828982064, 'Laticinios');
insert into tem_categoria values (7990558838340, 'Laticinios');
insert into tem_categoria values (4120646065829, 'Laticinios');
insert into tem_categoria values (9148643601559, 'Laticinios');
insert into tem_categoria values (1970399813258, 'Refrigerantes');
insert into tem_categoria values (1415920407258, 'Refrigerantes');
insert into tem_categoria values (9436423843998, 'Refrigerantes');
insert into tem_categoria values (4116446086554, 'Refrigerantes');
insert into tem_categoria values (4007856375212, 'Refrigerantes');
insert into tem_categoria values (1591885619623, 'Refrigerantes');
insert into tem_categoria values (7949296596870, 'Refrigerantes');
insert into tem_categoria values (9056373519185, 'Refrigerantes');
insert into tem_categoria values (7862531865560, 'Refrigerantes');
insert into tem_categoria values (5845675049179, 'Bebidas Energéticas');
insert into tem_categoria values (8995534805862, 'Bebidas Energéticas');
insert into tem_categoria values (9972128589711, 'Bebidas Energéticas');
insert into tem_categoria values (3433756858371, 'Bebidas Energéticas');
insert into tem_categoria values (5778006673339, 'Bebidas Energéticas');
insert into tem_categoria values (5422437870366, 'Bebidas Energéticas');
insert into tem_categoria values (6322066117311, 'Sumos');
insert into tem_categoria values (4838583824881, 'Sumos');
insert into tem_categoria values (3004067520289, 'Sumos');
insert into tem_categoria values (7867281547047, 'Sumos');
insert into tem_categoria values (1388502170230, 'Sumos');
insert into tem_categoria values (2512806864646, 'Sumos');
insert into tem_categoria values (8564323381223, 'Sumos');
insert into tem_categoria values (3006258109754, 'Sumos');
insert into tem_categoria values (1588368862294, 'Sumos');
insert into tem_categoria values (2972633052179, 'Bebidas Alcoólicas');
insert into tem_categoria values (1961762608074, 'Bebidas Alcoólicas');
insert into tem_categoria values (1943670441172, 'Bebidas Alcoólicas');
insert into tem_categoria values (1985742792864, 'Bebidas Alcoólicas');
insert into tem_categoria values (3410536415212, 'Bebidas Alcoólicas');
insert into tem_categoria values (7609421540708, 'Bebidas Alcoólicas');
insert into tem_categoria values (5603455607276, 'Bebidas Alcoólicas');
insert into tem_categoria values (9743550131525, 'Bebidas Alcoólicas');
insert into tem_categoria values (2966486261635, 'Bebidas Alcoólicas');
insert into tem_categoria values (6832765095131, 'Bebidas Alcoólicas');
insert into tem_categoria values (8030185700094, 'Bebidas Alcoólicas');
insert into tem_categoria values (1767913590362, 'Cafés');
insert into tem_categoria values (8951474757057, 'Cafés');
insert into tem_categoria values (4578369174019, 'Cafés');
insert into tem_categoria values (1083824667588, 'Cafés');
insert into tem_categoria values (4363392137051, 'Cafés');
insert into tem_categoria values (1625550139699, 'Chás e Chocolates');
insert into tem_categoria values (4161276977659, 'Chás e Chocolates');
insert into tem_categoria values (4872647741072, 'Chás e Chocolates');
insert into tem_categoria values (1071900184324, 'Chás e Chocolates');
insert into tem_categoria values (2419370101677, 'Chás e Chocolates');
insert into tem_categoria values (5311121102624, 'Enlatados');
insert into tem_categoria values (7940229787025, 'Enlatados');
insert into tem_categoria values (2453609540508, 'Enlatados');
insert into tem_categoria values (5243209551946, 'Enlatados');
insert into tem_categoria values (5775680912367, 'Enlatados');
insert into tem_categoria values (2340891527939, 'Frutas');
insert into tem_categoria values (6471869716982, 'Frutas');
insert into tem_categoria values (5739588863582, 'Frutas');
insert into tem_categoria values (5701128114035, 'Frutas');
insert into tem_categoria values (8394027391764, 'Frutas');
insert into tem_categoria values (8165576689366, 'Frutas');
insert into tem_categoria values (7813862519536, 'Frutas');
insert into tem_categoria values (8940554794292, 'Bolachas');
insert into tem_categoria values (3759784226315, 'Bolachas');
insert into tem_categoria values (2573778806042, 'Bolachas');
insert into tem_categoria values (8613107322864, 'Bolachas');
insert into tem_categoria values (3345786165241, 'Bolachas');
insert into tem_categoria values (7362307416070, 'Bolachas');
insert into tem_categoria values (1519997189837, 'Chocolates');
insert into tem_categoria values (7917634690250, 'Chocolates');
insert into tem_categoria values (5985409804091, 'Chocolates');
insert into tem_categoria values (8377810473507, 'Chocolates');
insert into tem_categoria values (5684394684188, 'Chocolates');
insert into tem_categoria values (8653781909919, 'Chocolates');
insert into tem_categoria values (6227218275617, 'Chocolates');
insert into tem_categoria values (5788004280332, 'Chocolates');
insert into tem_categoria values (7883969941806, 'Chocolates');
insert into tem_categoria values (1052886131386, 'Chocolates');
insert into tem_categoria values (2510353769360, 'Chocolates');
insert into tem_categoria values (7845004830427, 'Chocolates');
insert into tem_categoria values (5248846151702, 'Gomas');
insert into tem_categoria values (2987948307130, 'Gomas');
insert into tem_categoria values (7878616034728, 'Gomas');
insert into tem_categoria values (8450196743835, 'Gomas');
insert into tem_categoria values (2479220216657, 'Gomas');
insert into tem_categoria values (7403498365885, 'Gomas');
insert into tem_categoria values (2149472099442, 'Gomas');
insert into tem_categoria values (2348262137248, 'Gomas');
insert into tem_categoria values (6603850730999, 'Gomas');
insert into tem_categoria values (3125750693139, 'Batatas Fritas');
insert into tem_categoria values (9625587832897, 'Batatas Fritas');
insert into tem_categoria values (5403360903101, 'Batatas Fritas');
insert into tem_categoria values (6219541830862, 'Batatas Fritas');
insert into tem_categoria values (6514243268757, 'Batatas Fritas');
insert into tem_categoria values (8616611752094, 'Batatas Fritas');
insert into tem_categoria values (2284344530635, 'Batatas Fritas');
insert into tem_categoria values (8439455499278, 'Batatas Fritas');
insert into tem_categoria values (5459415942837, 'Sandes');
insert into tem_categoria values (6650262439477, 'Sandes');
insert into tem_categoria values (4087699796587, 'Sandes');
insert into tem_categoria values (8118918266130, 'Sandes');
insert into tem_categoria values (1085234046721, 'Sandes');
insert into tem_categoria values (1555053245786, 'Sandes');
insert into tem_categoria values (9584833690590, 'Sandes');
insert into tem_categoria values (8533636365161, 'Bolos');
insert into tem_categoria values (2505292620512, 'Bolos');
insert into tem_categoria values (5947269556256, 'Bolos');
insert into tem_categoria values (1041036705095, 'Bolos');
insert into tem_categoria values (5932150501379, 'Bolos');
insert into tem_categoria values (6025014063287, 'Bolos');
insert into tem_categoria values (1025943703805, 'Bolos');
insert into tem_categoria values (5846218715704, 'Bolos');
insert into tem_categoria values (3988656542326, 'Salgados');
insert into tem_categoria values (6075239865358, 'Salgados');
insert into tem_categoria values (2360325987130, 'Salgados');
insert into tem_categoria values (9449159705966, 'Salgados');
insert into tem_categoria values (8364840225124, 'Salgados');
insert into tem_categoria values (1284354657704, 'Salgados');
insert into tem_categoria values (8776563521432, 'Salgados');
insert into tem_categoria values (5493181691267, 'Salgados');
insert into tem_categoria values (7154465797509, 'Higiene e Saude');
insert into tem_categoria values (8519339191682, 'Higiene e Saude');
insert into tem_categoria values (1517011948532, 'Higiene e Saude');
insert into tem_categoria values (3892977199091, 'Higiene e Saude');
insert into tem_categoria values (3418608887277, 'Higiene e Saude');
insert into tem_categoria values (1528910470243, 'Higiene e Saude');
insert into tem_categoria values (1746191137346, 'Higiene e Saude');
insert into tem_categoria values (1675328415728, 'Higiene e Saude');
insert into tem_categoria values (3124727371836, 'Higiene e Saude');
insert into tem_categoria values (5452149204981, 'Higiene e Saude');
insert into tem_categoria values (5292599744895, 'Higiene e Saude');
insert into tem_categoria values (0321302005519, 'Papelaria');
insert into tem_categoria values (4176419843554, 'Papelaria');
insert into tem_categoria values (3507797043457, 'Papelaria');
insert into tem_categoria values (3705347281078, 'Papelaria');
insert into tem_categoria values (8870652112264, 'Papelaria');
insert into tem_categoria values (1111538823771, 'Papelaria');
insert into tem_categoria values (2888818377511, 'Gelo');
insert into tem_categoria values (6347772554585, 'Pastilhas');
insert into tem_categoria values (1837598307905, 'Pastilhas');
insert into tem_categoria values (5752011825267, 'Pastilhas');
insert into tem_categoria values (8421250231352, 'Pastilhas');
insert into ivm values (8888208809802, 'Vending lda');
insert into ivm values (5348430509603, 'Vending lda');
insert into ivm values (4574860484968, 'Vending lda');
insert into ivm values (7462252893192, 'Vending lda');
insert into ivm values (1994724148811, 'Vending lda');
insert into ivm values (3535073013679, 'Vending lda');
insert into ivm values (7485419189999, 'Vending lda');
insert into ivm values (9899990094627, 'Vending lda');
insert into ivm values (4961530410328, 'Vending lda');
insert into ivm values (9099724688753, 'Vending lda');
insert into ivm values (8888208809802, 'Instant Foodies inc');
insert into ivm values (5348430509603, 'Instant Foodies inc');
insert into ivm values (4574860484968, 'Instant Foodies inc');
insert into ivm values (7462252893192, 'Instant Foodies inc');
insert into ivm values (1994724148811, 'Instant Foodies inc');
insert into ivm values (3535073013679, 'Instant Foodies inc');
insert into ivm values (7485419189999, 'Instant Foodies inc');
insert into ivm values (9899990094627, 'Instant Foodies inc');
insert into ivm values (4961530410328, 'Instant Foodies inc');
insert into ivm values (9099724688753, 'Instant Foodies inc');
insert into ivm values (8888208809802, 'Azkoyen Group');
insert into ivm values (5348430509603, 'Azkoyen Group');
insert into ivm values (4574860484968, 'Azkoyen Group');
insert into ivm values (7462252893192, 'Azkoyen Group');
insert into ivm values (1994724148811, 'Azkoyen Group');
insert into ivm values (3535073013679, 'Azkoyen Group');
insert into ivm values (7485419189999, 'Azkoyen Group');
insert into ivm values (9899990094627, 'Azkoyen Group');
insert into ivm values (4961530410328, 'Azkoyen Group');
insert into ivm values (9099724688753, 'Azkoyen Group');
insert into ivm values (8888208809802, 'GLORY');
insert into ivm values (5348430509603, 'GLORY');
insert into ivm values (4574860484968, 'GLORY');
insert into ivm values (7462252893192, 'GLORY');
insert into ivm values (1994724148811, 'GLORY');
insert into ivm values (3535073013679, 'GLORY');
insert into ivm values (7485419189999, 'GLORY');
insert into ivm values (9899990094627, 'GLORY');
insert into ivm values (4961530410328, 'GLORY');
insert into ivm values (9099724688753, 'GLORY');
insert into ivm values (8888208809802, 'Fuji Electric');
insert into ivm values (5348430509603, 'Fuji Electric');
insert into ivm values (4574860484968, 'Fuji Electric');
insert into ivm values (7462252893192, 'Fuji Electric');
insert into ivm values (1994724148811, 'Fuji Electric');
insert into ivm values (3535073013679, 'Fuji Electric');
insert into ivm values (7485419189999, 'Fuji Electric');
insert into ivm values (9899990094627, 'Fuji Electric');
insert into ivm values (4961530410328, 'Fuji Electric');
insert into ivm values (9099724688753, 'Fuji Electric');
insert into ponto_de_retalho values ('Galp Oeiras', 'Oeiras', 'Lisboa');
insert into ponto_de_retalho values ('Galp Alvalade', 'Lisboa', 'Lisboa');
insert into ponto_de_retalho values ('BP Rua das Antas', 'Sintra', 'Lisboa');
insert into ponto_de_retalho values ('Farmácia Fontainhas', 'Vila Nova de Gaia', 'Porto');
insert into ponto_de_retalho values ('Escola Secondária de Valongo', 'Valongo', 'Porto');
insert into ponto_de_retalho values ('Galp Santo Tirso', 'Santo Tirso', 'Porto');
insert into ponto_de_retalho values ('Auchan Lagoa', 'Lagoa', 'Faro');
insert into ponto_de_retalho values ('Universidade de Faro', 'Faro', 'Faro');
insert into ponto_de_retalho values ('Oeiras Park', 'Oeiras', 'Lisboa');
insert into ponto_de_retalho values ('Aeroporto Lisboa', 'Lisboa', 'Lisboa');
insert into ponto_de_retalho values ('Galp Sintra', 'Sintra', 'Lisboa');
insert into ponto_de_retalho values ('Escola Secundaria Vila Nova de Gaia', 'Vila Nova de Gaia', 'Porto');
insert into ponto_de_retalho values ('Galp Valongo', 'Valongo', 'Porto');
insert into ponto_de_retalho values ('BP Santo Tirso', 'Santo Tirso', 'Porto');
insert into ponto_de_retalho values ('Galp Lagoa', 'Lagoa', 'Faro');
insert into ponto_de_retalho values ('Galp Faro', 'Faro', 'Faro');
insert into ponto_de_retalho values ('Auchan Oeiras', 'Oeiras', 'Lisboa');
insert into ponto_de_retalho values ('Instituto Superior Tecnico', 'Lisboa', 'Lisboa');
insert into ponto_de_retalho values ('Alegro Sintra', 'Sintra', 'Lisboa');
insert into ponto_de_retalho values ('Galp Porto', 'Vila Nova de Gaia', 'Porto');
insert into ponto_de_retalho values ('BP Valongo', 'Valongo', 'Porto');
insert into ponto_de_retalho values ('Farmacia ST', 'Santo Tirso', 'Porto');
insert into ponto_de_retalho values ('Rodoviária Lagoa', 'Lagoa', 'Faro');
insert into ponto_de_retalho values ('Aeroporto Faro', 'Faro', 'Faro');
insert into instalada_em values (8888208809802, 'Vending lda', 'Auchan Oeiras');
insert into instalada_em values (5348430509603, 'Vending lda', 'Auchan Oeiras');
insert into instalada_em values (4574860484968, 'Vending lda', 'Aeroporto Lisboa');
insert into instalada_em values (7462252893192, 'Vending lda', 'Galp Oeiras');
insert into instalada_em values (1994724148811, 'Vending lda', 'Aeroporto Faro');
insert into instalada_em values (3535073013679, 'Vending lda', 'Instituto Superior Tecnico');
insert into instalada_em values (7485419189999, 'Vending lda', 'Rodoviária Lagoa');
insert into instalada_em values (9899990094627, 'Vending lda', 'Galp Alvalade');
insert into instalada_em values (4961530410328, 'Vending lda', 'Alegro Sintra');
insert into instalada_em values (9099724688753, 'Vending lda', 'Auchan Oeiras');
insert into instalada_em values (8888208809802, 'Instant Foodies inc', 'Rodoviária Lagoa');
insert into instalada_em values (5348430509603, 'Instant Foodies inc', 'Aeroporto Lisboa');
insert into instalada_em values (4574860484968, 'Instant Foodies inc', 'Galp Faro');
insert into instalada_em values (7462252893192, 'Instant Foodies inc', 'Aeroporto Faro');
insert into instalada_em values (1994724148811, 'Instant Foodies inc', 'Escola Secondária de Valongo');
insert into instalada_em values (3535073013679, 'Instant Foodies inc', 'Farmácia Fontainhas');
insert into instalada_em values (7485419189999, 'Instant Foodies inc', 'Galp Porto');
insert into instalada_em values (9899990094627, 'Instant Foodies inc', 'Aeroporto Faro');
insert into instalada_em values (4961530410328, 'Instant Foodies inc','Galp Santo Tirso');
insert into instalada_em values (9099724688753, 'Instant Foodies inc', 'Galp Porto');
insert into instalada_em values (8888208809802, 'Azkoyen Group', 'BP Valongo');
insert into instalada_em values (5348430509603, 'Azkoyen Group', 'Instituto Superior Tecnico');
insert into instalada_em values (4574860484968, 'Azkoyen Group', 'Alegro Sintra');
insert into instalada_em values (7462252893192, 'Azkoyen Group', 'BP Rua das Antas');
insert into instalada_em values (1994724148811, 'Azkoyen Group', 'Escola Secondária de Valongo');
insert into instalada_em values (3535073013679, 'Azkoyen Group', 'Farmacia ST');
insert into instalada_em values (7485419189999, 'Azkoyen Group', 'Aeroporto Lisboa');
insert into instalada_em values (9899990094627, 'Azkoyen Group', 'Escola Secondária de Valongo');
insert into instalada_em values (4961530410328, 'Azkoyen Group', 'Auchan Oeiras');
insert into instalada_em values (9099724688753, 'Azkoyen Group', 'Auchan Oeiras');
insert into instalada_em values (8888208809802, 'GLORY', 'Universidade de Faro');
insert into instalada_em values (5348430509603, 'GLORY', 'Oeiras Park');
insert into instalada_em values (4574860484968, 'GLORY', 'Aeroporto Faro');
insert into instalada_em values (7462252893192, 'GLORY', 'Escola Secundaria Vila Nova de Gaia');
insert into instalada_em values (1994724148811, 'GLORY', 'Aeroporto Lisboa');
insert into instalada_em values (3535073013679, 'GLORY', 'Escola Secundaria Vila Nova de Gaia');
insert into instalada_em values (7485419189999, 'GLORY', 'Rodoviária Lagoa');
insert into instalada_em values (9899990094627, 'GLORY', 'Rodoviária Lagoa');
insert into instalada_em values (4961530410328, 'GLORY', 'Galp Valongo');
insert into instalada_em values (9099724688753, 'GLORY', 'Auchan Lagoa');
insert into instalada_em values (8888208809802, 'Fuji Electric', 'Galp Faro');
insert into instalada_em values (5348430509603, 'Fuji Electric', 'Aeroporto Lisboa');
insert into instalada_em values (4574860484968, 'Fuji Electric', 'Auchan Lagoa');
insert into instalada_em values (7462252893192, 'Fuji Electric', 'Alegro Sintra');
insert into instalada_em values (1994724148811, 'Fuji Electric', 'Galp Lagoa');
insert into instalada_em values (3535073013679, 'Fuji Electric', 'BP Santo Tirso');
insert into instalada_em values (7485419189999, 'Fuji Electric', 'Auchan Lagoa');
insert into instalada_em values (9899990094627, 'Fuji Electric', 'Aeroporto Faro');
insert into instalada_em values (4961530410328, 'Fuji Electric', 'Aeroporto Lisboa');
insert into instalada_em values (9099724688753, 'Fuji Electric', 'Galp Sintra');
insert into prateleira values (1,8888208809802,'Vending lda',15,'Laticinios');
insert into prateleira values (2,8888208809802,'Vending lda',19,'Batatas Fritas');
insert into prateleira values (3,8888208809802,'Vending lda',14,'Frutas');
insert into prateleira values (4,8888208809802,'Vending lda',15,'Chás e Chocolates');
insert into prateleira values (5,8888208809802,'Vending lda',19,'Batatas Fritas');
insert into prateleira values (1,5348430509603,'Vending lda',11,'Chocolates');
insert into prateleira values (2,5348430509603,'Vending lda',16,'Sandes');
insert into prateleira values (3,5348430509603,'Vending lda',18,'Bebidas Energéticas');
insert into prateleira values (4,5348430509603,'Vending lda',15,'Salgados');
insert into prateleira values (5,5348430509603,'Vending lda',13,'Águas');
insert into prateleira values (1,4574860484968,'Vending lda',10,'Bolos');
insert into prateleira values (2,4574860484968,'Vending lda',15,'Bolachas');
insert into prateleira values (3,4574860484968,'Vending lda',19,'Chocolates');
insert into prateleira values (4,4574860484968,'Vending lda',20,'Frutas');
insert into prateleira values (5,4574860484968,'Vending lda',13,'Chás e Chocolates');
insert into prateleira values (1,7462252893192,'Vending lda',10,'Gelo');
insert into prateleira values (2,7462252893192,'Vending lda',12,'Enlatados');
insert into prateleira values (3,7462252893192,'Vending lda',15,'Gomas');
insert into prateleira values (4,7462252893192,'Vending lda',14,'Chás e Chocolates');
insert into prateleira values (5,7462252893192,'Vending lda',12,'Chocolates');
insert into prateleira values (1,1994724148811,'Vending lda',13,'Chás e Chocolates');
insert into prateleira values (2,1994724148811,'Vending lda',17,'Sandes');
insert into prateleira values (3,1994724148811,'Vending lda',20,'Bolachas');
insert into prateleira values (4,1994724148811,'Vending lda',19,'Papelaria');
insert into prateleira values (5,1994724148811,'Vending lda',11,'Papelaria');
insert into prateleira values (1,3535073013679,'Vending lda',16,'Chás e Chocolates');
insert into prateleira values (2,3535073013679,'Vending lda',18,'Refrigerantes');
insert into prateleira values (3,3535073013679,'Vending lda',17,'Gomas');
insert into prateleira values (4,3535073013679,'Vending lda',19,'Chás e Chocolates');
insert into prateleira values (5,3535073013679,'Vending lda',17,'Pastilhas');
insert into prateleira values (1,7485419189999,'Vending lda',15,'Chás e Chocolates');
insert into prateleira values (2,7485419189999,'Vending lda',15,'Sandes');
insert into prateleira values (3,7485419189999,'Vending lda',13,'Enlatados');
insert into prateleira values (4,7485419189999,'Vending lda',10,'Gelo');
insert into prateleira values (5,7485419189999,'Vending lda',14,'Frutas');
insert into prateleira values (1,9899990094627,'Vending lda',20,'Chás e Chocolates');
insert into prateleira values (2,9899990094627,'Vending lda',14,'Papelaria');
insert into prateleira values (3,9899990094627,'Vending lda',13,'Laticinios');
insert into prateleira values (4,9899990094627,'Vending lda',14,'Bolachas');
insert into prateleira values (5,9899990094627,'Vending lda',17,'Bolos');
insert into prateleira values (1,4961530410328,'Vending lda',13,'Bebidas Energéticas');
insert into prateleira values (2,4961530410328,'Vending lda',19,'Águas');
insert into prateleira values (3,4961530410328,'Vending lda',14,'Chocolates');
insert into prateleira values (4,4961530410328,'Vending lda',15,'Papelaria');
insert into prateleira values (5,4961530410328,'Vending lda',15,'Chás e Chocolates');
insert into prateleira values (1,9099724688753,'Vending lda',16,'Bebidas Alcoólicas');
insert into prateleira values (2,9099724688753,'Vending lda',17,'Pastilhas');
insert into prateleira values (3,9099724688753,'Vending lda',14,'Batatas Fritas');
insert into prateleira values (4,9099724688753,'Vending lda',12,'Bebidas Alcoólicas');
insert into prateleira values (5,9099724688753,'Vending lda',16,'Higiene e Saude');
insert into prateleira values (1,8888208809802,'Instant Foodies inc',15,'Chás e Chocolates');
insert into prateleira values (2,8888208809802,'Instant Foodies inc',16,'Frutas');
insert into prateleira values (3,8888208809802,'Instant Foodies inc',11,'Cafés');
insert into prateleira values (4,8888208809802,'Instant Foodies inc',10,'Refrigerantes');
insert into prateleira values (5,8888208809802,'Instant Foodies inc',18,'Sumos');
insert into prateleira values (1,5348430509603,'Instant Foodies inc',14,'Bolachas');
insert into prateleira values (2,5348430509603,'Instant Foodies inc',10,'Pastilhas');
insert into prateleira values (3,5348430509603,'Instant Foodies inc',19,'Bolachas');
insert into prateleira values (4,5348430509603,'Instant Foodies inc',13,'Papelaria');
insert into prateleira values (5,5348430509603,'Instant Foodies inc',13,'Sumos');
insert into prateleira values (1,4574860484968,'Instant Foodies inc',18,'Higiene e Saude');
insert into prateleira values (2,4574860484968,'Instant Foodies inc',19,'Refrigerantes');
insert into prateleira values (3,4574860484968,'Instant Foodies inc',17,'Bebidas Alcoólicas');
insert into prateleira values (4,4574860484968,'Instant Foodies inc',17,'Enlatados');
insert into prateleira values (5,4574860484968,'Instant Foodies inc',17,'Papelaria');
insert into prateleira values (1,7462252893192,'Instant Foodies inc',14,'Bolachas');
insert into prateleira values (2,7462252893192,'Instant Foodies inc',10,'Higiene e Saude');
insert into prateleira values (3,7462252893192,'Instant Foodies inc',18,'Papelaria');
insert into prateleira values (4,7462252893192,'Instant Foodies inc',14,'Gelo');
insert into prateleira values (5,7462252893192,'Instant Foodies inc',19,'Águas');
insert into prateleira values (1,1994724148811,'Instant Foodies inc',18,'Frutas');
insert into prateleira values (2,1994724148811,'Instant Foodies inc',17,'Gelo');
insert into prateleira values (3,1994724148811,'Instant Foodies inc',18,'Bebidas Alcoólicas');
insert into prateleira values (4,1994724148811,'Instant Foodies inc',15,'Enlatados');
insert into prateleira values (5,1994724148811,'Instant Foodies inc',12,'Chocolates');
insert into prateleira values (1,3535073013679,'Instant Foodies inc',11,'Chás e Chocolates');
insert into prateleira values (2,3535073013679,'Instant Foodies inc',18,'Águas');
insert into prateleira values (3,3535073013679,'Instant Foodies inc',12,'Refrigerantes');
insert into prateleira values (4,3535073013679,'Instant Foodies inc',18,'Pastilhas');
insert into prateleira values (5,3535073013679,'Instant Foodies inc',17,'Enlatados');
insert into prateleira values (1,7485419189999,'Instant Foodies inc',11,'Salgados');
insert into prateleira values (2,7485419189999,'Instant Foodies inc',17,'Laticinios');
insert into prateleira values (3,7485419189999,'Instant Foodies inc',14,'Gomas');
insert into prateleira values (4,7485419189999,'Instant Foodies inc',16,'Higiene e Saude');
insert into prateleira values (5,7485419189999,'Instant Foodies inc',19,'Refrigerantes');
insert into prateleira values (1,9899990094627,'Instant Foodies inc',19,'Salgados');
insert into prateleira values (2,9899990094627,'Instant Foodies inc',19,'Batatas Fritas');
insert into prateleira values (3,9899990094627,'Instant Foodies inc',14,'Higiene e Saude');
insert into prateleira values (4,9899990094627,'Instant Foodies inc',10,'Refrigerantes');
insert into prateleira values (5,9899990094627,'Instant Foodies inc',18,'Refrigerantes');
insert into prateleira values (1,4961530410328,'Instant Foodies inc',15,'Frutas');
insert into prateleira values (2,4961530410328,'Instant Foodies inc',12,'Chocolates');
insert into prateleira values (3,4961530410328,'Instant Foodies inc',10,'Papelaria');
insert into prateleira values (4,4961530410328,'Instant Foodies inc',13,'Bebidas Energéticas');
insert into prateleira values (5,4961530410328,'Instant Foodies inc',19,'Bebidas Energéticas');
insert into prateleira values (1,9099724688753,'Instant Foodies inc',11,'Cafés');
insert into prateleira values (2,9099724688753,'Instant Foodies inc',18,'Chocolates');
insert into prateleira values (3,9099724688753,'Instant Foodies inc',10,'Refrigerantes');
insert into prateleira values (4,9099724688753,'Instant Foodies inc',17,'Frutas');
insert into prateleira values (5,9099724688753,'Instant Foodies inc',14,'Pastilhas');
insert into prateleira values (1,8888208809802,'Azkoyen Group',16,'Sandes');
insert into prateleira values (2,8888208809802,'Azkoyen Group',16,'Sumos');
insert into prateleira values (3,8888208809802,'Azkoyen Group',10,'Pastilhas');
insert into prateleira values (4,8888208809802,'Azkoyen Group',18,'Papelaria');
insert into prateleira values (5,8888208809802,'Azkoyen Group',11,'Bebidas Alcoólicas');
insert into prateleira values (1,5348430509603,'Azkoyen Group',18,'Águas');
insert into prateleira values (2,5348430509603,'Azkoyen Group',10,'Chocolates');
insert into prateleira values (3,5348430509603,'Azkoyen Group',15,'Refrigerantes');
insert into prateleira values (4,5348430509603,'Azkoyen Group',10,'Águas');
insert into prateleira values (5,5348430509603,'Azkoyen Group',18,'Papelaria');
insert into prateleira values (1,4574860484968,'Azkoyen Group',19,'Batatas Fritas');
insert into prateleira values (2,4574860484968,'Azkoyen Group',14,'Papelaria');
insert into prateleira values (3,4574860484968,'Azkoyen Group',20,'Laticinios');
insert into prateleira values (4,4574860484968,'Azkoyen Group',18,'Salgados');
insert into prateleira values (5,4574860484968,'Azkoyen Group',12,'Higiene e Saude');
insert into prateleira values (1,7462252893192,'Azkoyen Group',14,'Cafés');
insert into prateleira values (2,7462252893192,'Azkoyen Group',16,'Gomas');
insert into prateleira values (3,7462252893192,'Azkoyen Group',14,'Bebidas Alcoólicas');
insert into prateleira values (4,7462252893192,'Azkoyen Group',18,'Chás e Chocolates');
insert into prateleira values (5,7462252893192,'Azkoyen Group',17,'Sumos');
insert into prateleira values (1,1994724148811,'Azkoyen Group',13,'Salgados');
insert into prateleira values (2,1994724148811,'Azkoyen Group',18,'Pastilhas');
insert into prateleira values (3,1994724148811,'Azkoyen Group',15,'Gomas');
insert into prateleira values (4,1994724148811,'Azkoyen Group',11,'Batatas Fritas');
insert into prateleira values (5,1994724148811,'Azkoyen Group',16,'Bolachas');
insert into prateleira values (1,3535073013679,'Azkoyen Group',13,'Sandes');
insert into prateleira values (2,3535073013679,'Azkoyen Group',20,'Bolachas');
insert into prateleira values (3,3535073013679,'Azkoyen Group',16,'Papelaria');
insert into prateleira values (4,3535073013679,'Azkoyen Group',12,'Sumos');
insert into prateleira values (5,3535073013679,'Azkoyen Group',13,'Frutas');
insert into prateleira values (1,7485419189999,'Azkoyen Group',18,'Chocolates');
insert into prateleira values (2,7485419189999,'Azkoyen Group',14,'Enlatados');
insert into prateleira values (3,7485419189999,'Azkoyen Group',20,'Cafés');
insert into prateleira values (4,7485419189999,'Azkoyen Group',16,'Batatas Fritas');
insert into prateleira values (5,7485419189999,'Azkoyen Group',20,'Cafés');
insert into prateleira values (1,9899990094627,'Azkoyen Group',20,'Enlatados');
insert into prateleira values (2,9899990094627,'Azkoyen Group',10,'Bebidas Energéticas');
insert into prateleira values (3,9899990094627,'Azkoyen Group',14,'Refrigerantes');
insert into prateleira values (4,9899990094627,'Azkoyen Group',17,'Bebidas Alcoólicas');
insert into prateleira values (5,9899990094627,'Azkoyen Group',10,'Chás e Chocolates');
insert into prateleira values (1,4961530410328,'Azkoyen Group',15,'Bebidas Alcoólicas');
insert into prateleira values (2,4961530410328,'Azkoyen Group',12,'Papelaria');
insert into prateleira values (3,4961530410328,'Azkoyen Group',20,'Chás e Chocolates');
insert into prateleira values (4,4961530410328,'Azkoyen Group',16,'Frutas');
insert into prateleira values (5,4961530410328,'Azkoyen Group',15,'Águas');
insert into prateleira values (1,9099724688753,'Azkoyen Group',12,'Laticinios');
insert into prateleira values (2,9099724688753,'Azkoyen Group',18,'Gelo');
insert into prateleira values (3,9099724688753,'Azkoyen Group',15,'Bebidas Alcoólicas');
insert into prateleira values (4,9099724688753,'Azkoyen Group',14,'Batatas Fritas');
insert into prateleira values (5,9099724688753,'Azkoyen Group',15,'Laticinios');
insert into prateleira values (1,8888208809802,'GLORY',16,'Sumos');
insert into prateleira values (2,8888208809802,'GLORY',17,'Chás e Chocolates');
insert into prateleira values (3,8888208809802,'GLORY',17,'Bolachas');
insert into prateleira values (4,8888208809802,'GLORY',10,'Sandes');
insert into prateleira values (5,8888208809802,'GLORY',20,'Frutas');
insert into prateleira values (1,5348430509603,'GLORY',11,'Bebidas Alcoólicas');
insert into prateleira values (2,5348430509603,'GLORY',17,'Bebidas Alcoólicas');
insert into prateleira values (3,5348430509603,'GLORY',14,'Enlatados');
insert into prateleira values (4,5348430509603,'GLORY',14,'Chás e Chocolates');
insert into prateleira values (5,5348430509603,'GLORY',16,'Enlatados');
insert into prateleira values (1,4574860484968,'GLORY',11,'Papelaria');
insert into prateleira values (2,4574860484968,'GLORY',10,'Bebidas Alcoólicas');
insert into prateleira values (3,4574860484968,'GLORY',11,'Bebidas Alcoólicas');
insert into prateleira values (4,4574860484968,'GLORY',17,'Salgados');
insert into prateleira values (5,4574860484968,'GLORY',17,'Águas');
insert into prateleira values (1,7462252893192,'GLORY',18,'Enlatados');
insert into prateleira values (2,7462252893192,'GLORY',16,'Refrigerantes');
insert into prateleira values (3,7462252893192,'GLORY',20,'Chás e Chocolates');
insert into prateleira values (4,7462252893192,'GLORY',11,'Bebidas Alcoólicas');
insert into prateleira values (5,7462252893192,'GLORY',17,'Bebidas Energéticas');
insert into prateleira values (1,1994724148811,'GLORY',14,'Enlatados');
insert into prateleira values (2,1994724148811,'GLORY',12,'Sandes');
insert into prateleira values (3,1994724148811,'GLORY',20,'Cafés');
insert into prateleira values (4,1994724148811,'GLORY',16,'Gomas');
insert into prateleira values (5,1994724148811,'GLORY',14,'Sandes');
insert into prateleira values (1,3535073013679,'GLORY',17,'Pastilhas');
insert into prateleira values (2,3535073013679,'GLORY',17,'Pastilhas');
insert into prateleira values (3,3535073013679,'GLORY',12,'Batatas Fritas');
insert into prateleira values (4,3535073013679,'GLORY',14,'Papelaria');
insert into prateleira values (5,3535073013679,'GLORY',11,'Bolos');
insert into prateleira values (1,7485419189999,'GLORY',19,'Bebidas Energéticas');
insert into prateleira values (2,7485419189999,'GLORY',19,'Bebidas Energéticas');
insert into prateleira values (3,7485419189999,'GLORY',15,'Sumos');
insert into prateleira values (4,7485419189999,'GLORY',17,'Bolachas');
insert into prateleira values (5,7485419189999,'GLORY',17,'Enlatados');
insert into prateleira values (1,9899990094627,'GLORY',17,'Sandes');
insert into prateleira values (2,9899990094627,'GLORY',19,'Bebidas Alcoólicas');
insert into prateleira values (3,9899990094627,'GLORY',13,'Salgados');
insert into prateleira values (4,9899990094627,'GLORY',15,'Sumos');
insert into prateleira values (5,9899990094627,'GLORY',13,'Enlatados');
insert into prateleira values (1,4961530410328,'GLORY',12,'Papelaria');
insert into prateleira values (2,4961530410328,'GLORY',10,'Pastilhas');
insert into prateleira values (3,4961530410328,'GLORY',15,'Higiene e Saude');
insert into prateleira values (4,4961530410328,'GLORY',18,'Higiene e Saude');
insert into prateleira values (5,4961530410328,'GLORY',13,'Chás e Chocolates');
insert into prateleira values (1,9099724688753,'GLORY',13,'Frutas');
insert into prateleira values (2,9099724688753,'GLORY',19,'Bolos');
insert into prateleira values (3,9099724688753,'GLORY',18,'Bolos');
insert into prateleira values (4,9099724688753,'GLORY',13,'Sandes');
insert into prateleira values (5,9099724688753,'GLORY',18,'Refrigerantes');
insert into prateleira values (1,8888208809802,'Fuji Electric',20,'Laticinios');
insert into prateleira values (2,8888208809802,'Fuji Electric',11,'Frutas');
insert into prateleira values (3,8888208809802,'Fuji Electric',17,'Bolos');
insert into prateleira values (4,8888208809802,'Fuji Electric',12,'Salgados');
insert into prateleira values (5,8888208809802,'Fuji Electric',18,'Higiene e Saude');
insert into prateleira values (1,5348430509603,'Fuji Electric',11,'Sandes');
insert into prateleira values (2,5348430509603,'Fuji Electric',16,'Bolachas');
insert into prateleira values (3,5348430509603,'Fuji Electric',15,'Gomas');
insert into prateleira values (4,5348430509603,'Fuji Electric',15,'Bolos');
insert into prateleira values (5,5348430509603,'Fuji Electric',16,'Chocolates');
insert into prateleira values (1,4574860484968,'Fuji Electric',12,'Cafés');
insert into prateleira values (2,4574860484968,'Fuji Electric',20,'Higiene e Saude');
insert into prateleira values (3,4574860484968,'Fuji Electric',18,'Bebidas Energéticas');
insert into prateleira values (4,4574860484968,'Fuji Electric',18,'Refrigerantes');
insert into prateleira values (5,4574860484968,'Fuji Electric',19,'Refrigerantes');
insert into prateleira values (1,7462252893192,'Fuji Electric',20,'Águas');
insert into prateleira values (2,7462252893192,'Fuji Electric',20,'Bolachas');
insert into prateleira values (3,7462252893192,'Fuji Electric',20,'Águas');
insert into prateleira values (4,7462252893192,'Fuji Electric',13,'Pastilhas');
insert into prateleira values (5,7462252893192,'Fuji Electric',13,'Higiene e Saude');
insert into prateleira values (1,1994724148811,'Fuji Electric',11,'Gelo');
insert into prateleira values (2,1994724148811,'Fuji Electric',20,'Bebidas Energéticas');
insert into prateleira values (3,1994724148811,'Fuji Electric',10,'Refrigerantes');
insert into prateleira values (4,1994724148811,'Fuji Electric',20,'Sandes');
insert into prateleira values (5,1994724148811,'Fuji Electric',18,'Gomas');
insert into prateleira values (1,3535073013679,'Fuji Electric',11,'Bolos');
insert into prateleira values (2,3535073013679,'Fuji Electric',18,'Bolachas');
insert into prateleira values (3,3535073013679,'Fuji Electric',15,'Chás e Chocolates');
insert into prateleira values (4,3535073013679,'Fuji Electric',13,'Bebidas Energéticas');
insert into prateleira values (5,3535073013679,'Fuji Electric',11,'Sumos');
insert into prateleira values (1,7485419189999,'Fuji Electric',16,'Refrigerantes');
insert into prateleira values (2,7485419189999,'Fuji Electric',13,'Águas');
insert into prateleira values (3,7485419189999,'Fuji Electric',10,'Salgados');
insert into prateleira values (4,7485419189999,'Fuji Electric',16,'Frutas');
insert into prateleira values (5,7485419189999,'Fuji Electric',15,'Cafés');
insert into prateleira values (1,9899990094627,'Fuji Electric',16,'Gelo');
insert into prateleira values (2,9899990094627,'Fuji Electric',15,'Laticinios');
insert into prateleira values (3,9899990094627,'Fuji Electric',18,'Sumos');
insert into prateleira values (4,9899990094627,'Fuji Electric',11,'Bebidas Energéticas');
insert into prateleira values (5,9899990094627,'Fuji Electric',18,'Batatas Fritas');
insert into prateleira values (1,4961530410328,'Fuji Electric',17,'Bebidas Alcoólicas');
insert into prateleira values (2,4961530410328,'Fuji Electric',14,'Enlatados');
insert into prateleira values (3,4961530410328,'Fuji Electric',19,'Enlatados');
insert into prateleira values (4,4961530410328,'Fuji Electric',10,'Higiene e Saude');
insert into prateleira values (5,4961530410328,'Fuji Electric',18,'Higiene e Saude');
insert into prateleira values (1,9099724688753,'Fuji Electric',11,'Chás e Chocolates');
insert into prateleira values (2,9099724688753,'Fuji Electric',12,'Gelo');
insert into prateleira values (3,9099724688753,'Fuji Electric',19,'Enlatados');
insert into prateleira values (4,9099724688753,'Fuji Electric',20,'Salgados');
insert into prateleira values (5,9099724688753,'Fuji Electric',12,'Laticinios');
insert into planograma values (4507514029325, 1, 8888208809802, 'Vending lda', 2, 10, 'Fila 1');
insert into planograma values (6514243268757, 2, 8888208809802, 'Vending lda', 1, 6, 'Fila 1');
insert into planograma values (5701128114035, 3, 8888208809802, 'Vending lda', 2, 11, 'Fila 1');
insert into planograma values (4872647741072, 4, 8888208809802, 'Vending lda', 2, 14, 'Fila 1');
insert into planograma values (2284344530635, 5, 8888208809802, 'Vending lda', 2, 13, 'Fila 1');
insert into planograma values (1519997189837, 1, 5348430509603, 'Vending lda', 5, 35, 'Fila 4');
insert into planograma values (1555053245786, 2, 5348430509603, 'Vending lda', 2, 12, 'Fila 1');
insert into planograma values (5845675049179, 3, 5348430509603, 'Vending lda', 5, 20, 'Fila 3');
insert into planograma values (9449159705966, 4, 5348430509603, 'Vending lda', 2, 12, 'Fila 1');
insert into planograma values (8277017071665, 5, 5348430509603, 'Vending lda', 2, 8, 'Fila 1');
insert into planograma values (8533636365161, 1, 4574860484968, 'Vending lda', 4, 27, 'Fila 3');
insert into planograma values (7362307416070, 2, 4574860484968, 'Vending lda', 1, 6, 'Fila 1');
insert into planograma values (1519997189837, 3, 4574860484968, 'Vending lda', 3, 18, 'Fila 1');
insert into planograma values (8394027391764, 4, 4574860484968, 'Vending lda', 4, 21, 'Fila 3');
insert into planograma values (4872647741072, 5, 4574860484968, 'Vending lda', 2, 12, 'Fila 2');
insert into planograma values (2888818377511, 1, 7462252893192, 'Vending lda', 4, 26, 'Fila 1');
insert into planograma values (5311121102624, 2, 7462252893192, 'Vending lda', 5, 30, 'Fila 3');
insert into planograma values (7878616034728, 3, 7462252893192, 'Vending lda', 4, 24, 'Fila 4');
insert into planograma values (1071900184324, 4, 7462252893192, 'Vending lda', 1, 6, 'Fila 1');
insert into planograma values (1052886131386, 5, 7462252893192, 'Vending lda', 2, 13, 'Fila 2');
insert into planograma values (2419370101677, 1, 1994724148811, 'Vending lda', 4, 26, 'Fila 4');
insert into planograma values (5459415942837, 2, 1994724148811, 'Vending lda', 3, 15, 'Fila 3');
insert into planograma values (2573778806042, 3, 1994724148811, 'Vending lda', 2, 14, 'Fila 1');
insert into planograma values (0321302005519, 4, 1994724148811, 'Vending lda', 4, 19, 'Fila 2');
insert into planograma values (4176419843554, 5, 1994724148811, 'Vending lda', 4, 22, 'Fila 3');
insert into planograma values (4161276977659, 1, 3535073013679, 'Vending lda', 4, 16, 'Fila 3');
insert into planograma values (1970399813258, 2, 3535073013679, 'Vending lda', 1, 6, 'Fila 1');
insert into planograma values (5248846151702, 3, 3535073013679, 'Vending lda', 5, 29, 'Fila 5');
insert into planograma values (4161276977659, 4, 3535073013679, 'Vending lda', 1, 4, 'Fila 1');
insert into planograma values (1837598307905, 5, 3535073013679, 'Vending lda', 5, 27, 'Fila 4');
insert into planograma values (4161276977659, 1, 7485419189999, 'Vending lda', 3, 12, 'Fila 1');
insert into planograma values (5459415942837, 2, 7485419189999, 'Vending lda', 3, 16, 'Fila 3');
insert into planograma values (5311121102624, 3, 7485419189999, 'Vending lda', 4, 26, 'Fila 3');
insert into planograma values (2888818377511, 4, 7485419189999, 'Vending lda', 3, 20, 'Fila 3');
insert into planograma values (8394027391764, 5, 7485419189999, 'Vending lda', 3, 20, 'Fila 1');
insert into planograma values (4161276977659, 1, 9899990094627, 'Vending lda', 3, 15, 'Fila 1');
insert into planograma values (0321302005519, 2, 9899990094627, 'Vending lda', 2, 9, 'Fila 2');
insert into planograma values (4120646065829, 3, 9899990094627, 'Vending lda', 3, 14, 'Fila 1');
insert into planograma values (2573778806042, 4, 9899990094627, 'Vending lda', 5, 27, 'Fila 3');
insert into planograma values (5947269556256, 5, 9899990094627, 'Vending lda', 1, 5, 'Fila 1');
insert into planograma values (9972128589711, 1, 4961530410328, 'Vending lda', 5, 34, 'Fila 3');
insert into planograma values (5344744972884, 2, 4961530410328, 'Vending lda', 1, 6, 'Fila 1');
insert into planograma values (5788004280332, 3, 4961530410328, 'Vending lda', 2, 12, 'Fila 1');
insert into planograma values (1111538823771, 4, 4961530410328, 'Vending lda', 3, 15, 'Fila 3');
insert into planograma values (4872647741072, 5, 4961530410328, 'Vending lda', 1, 6, 'Fila 1');
insert into planograma values (9743550131525, 1, 9099724688753, 'Vending lda', 4, 28, 'Fila 3');
insert into planograma values (8421250231352, 2, 9099724688753, 'Vending lda', 5, 35, 'Fila 2');
insert into planograma values (3125750693139, 3, 9099724688753, 'Vending lda', 1, 6, 'Fila 1');
insert into planograma values (1943670441172, 4, 9099724688753, 'Vending lda', 3, 13, 'Fila 2');
insert into planograma values (1675328415728, 5, 9099724688753, 'Vending lda', 3, 21, 'Fila 2');
insert into planograma values (1625550139699, 1, 8888208809802, 'Instant Foodies inc', 1, 5, 'Fila 1');
insert into planograma values (6471869716982, 2, 8888208809802, 'Instant Foodies inc', 5, 25, 'Fila 4');
insert into planograma values (4363392137051, 3, 8888208809802, 'Instant Foodies inc', 2, 11, 'Fila 2');
insert into planograma values (1415920407258, 4, 8888208809802, 'Instant Foodies inc', 1, 4, 'Fila 1');
insert into planograma values (1388502170230, 5, 8888208809802, 'Instant Foodies inc', 2, 8, 'Fila 1');
insert into planograma values (3345786165241, 1, 5348430509603, 'Instant Foodies inc', 5, 34, 'Fila 4');
insert into planograma values (8421250231352, 2, 5348430509603, 'Instant Foodies inc', 4, 26, 'Fila 1');
insert into planograma values (2573778806042, 3, 5348430509603, 'Instant Foodies inc', 4, 23, 'Fila 3');
insert into planograma values (3507797043457, 4, 5348430509603, 'Instant Foodies inc', 5, 25, 'Fila 1');
insert into planograma values (2512806864646, 5, 5348430509603, 'Instant Foodies inc', 3, 20, 'Fila 3');
insert into planograma values (1746191137346, 1, 4574860484968, 'Instant Foodies inc', 1, 7, 'Fila 1');
insert into planograma values (1415920407258, 2, 4574860484968, 'Instant Foodies inc', 2, 11, 'Fila 2');
insert into planograma values (2972633052179, 3, 4574860484968, 'Instant Foodies inc', 5, 30, 'Fila 3');
insert into planograma values (7940229787025, 4, 4574860484968, 'Instant Foodies inc', 3, 12, 'Fila 3');
insert into planograma values (0321302005519, 5, 4574860484968, 'Instant Foodies inc', 1, 7, 'Fila 1');
insert into planograma values (7362307416070, 1, 7462252893192, 'Instant Foodies inc', 5, 30, 'Fila 2');
insert into planograma values (1675328415728, 2, 7462252893192, 'Instant Foodies inc', 1, 6, 'Fila 1');
insert into planograma values (4176419843554, 3, 7462252893192, 'Instant Foodies inc', 5, 27, 'Fila 3');
insert into planograma values (2888818377511, 4, 7462252893192, 'Instant Foodies inc', 2, 11, 'Fila 1');
insert into planograma values (8277017071665, 5, 7462252893192, 'Instant Foodies inc', 5, 27, 'Fila 2');
insert into planograma values (6471869716982, 1, 1994724148811, 'Instant Foodies inc', 2, 12, 'Fila 2');
insert into planograma values (2888818377511, 2, 1994724148811, 'Instant Foodies inc', 4, 17, 'Fila 1');
insert into planograma values (3410536415212, 3, 1994724148811, 'Instant Foodies inc', 5, 31, 'Fila 2');
insert into planograma values (5311121102624, 4, 1994724148811, 'Instant Foodies inc', 1, 7, 'Fila 1');
insert into planograma values (1052886131386, 5, 1994724148811, 'Instant Foodies inc', 5, 33, 'Fila 1');
insert into planograma values (1625550139699, 1, 3535073013679, 'Instant Foodies inc', 2, 12, 'Fila 1');
insert into planograma values (8277017071665, 2, 3535073013679, 'Instant Foodies inc', 3, 18, 'Fila 1');
insert into planograma values (7862531865560, 3, 3535073013679, 'Instant Foodies inc', 5, 23, 'Fila 5');
insert into planograma values (6347772554585, 4, 3535073013679, 'Instant Foodies inc', 5, 27, 'Fila 5');
insert into planograma values (2453609540508, 5, 3535073013679, 'Instant Foodies inc', 1, 7, 'Fila 1');
insert into planograma values (9449159705966, 1, 7485419189999, 'Instant Foodies inc', 4, 26, 'Fila 2');
insert into planograma values (2393828982064, 2, 7485419189999, 'Instant Foodies inc', 1, 6, 'Fila 1');
insert into planograma values (7878616034728, 3, 7485419189999, 'Instant Foodies inc', 1, 4, 'Fila 1');
insert into planograma values (8519339191682, 4, 7485419189999, 'Instant Foodies inc', 3, 16, 'Fila 1');
insert into planograma values (7949296596870, 5, 7485419189999, 'Instant Foodies inc', 2, 11, 'Fila 2');
insert into planograma values (5493181691267, 1, 9899990094627, 'Instant Foodies inc', 1, 7, 'Fila 1');
insert into planograma values (2284344530635, 2, 9899990094627, 'Instant Foodies inc', 5, 20, 'Fila 1');
insert into planograma values (1675328415728, 3, 9899990094627, 'Instant Foodies inc', 3, 13, 'Fila 1');
insert into planograma values (7862531865560, 4, 9899990094627, 'Instant Foodies inc', 3, 16, 'Fila 2');
insert into planograma values (4007856375212, 5, 9899990094627, 'Instant Foodies inc', 1, 7, 'Fila 1');
insert into planograma values (2340891527939, 1, 4961530410328, 'Instant Foodies inc', 1, 7, 'Fila 1');
insert into planograma values (7917634690250, 2, 4961530410328, 'Instant Foodies inc', 1, 4, 'Fila 1');
insert into planograma values (8870652112264, 3, 4961530410328, 'Instant Foodies inc', 5, 23, 'Fila 3');
insert into planograma values (5422437870366, 4, 4961530410328, 'Instant Foodies inc', 4, 22, 'Fila 4');
insert into planograma values (5845675049179, 5, 4961530410328, 'Instant Foodies inc', 4, 25, 'Fila 2');
insert into planograma values (8951474757057, 1, 9099724688753, 'Instant Foodies inc', 2, 10, 'Fila 1');
insert into planograma values (2510353769360, 2, 9099724688753, 'Instant Foodies inc', 2, 11, 'Fila 2');
insert into planograma values (1970399813258, 3, 9099724688753, 'Instant Foodies inc', 2, 8, 'Fila 1');
insert into planograma values (2340891527939, 4, 9099724688753, 'Instant Foodies inc', 4, 24, 'Fila 2');
insert into planograma values (1837598307905, 5, 9099724688753, 'Instant Foodies inc', 5, 34, 'Fila 4');
insert into planograma values (8118918266130, 1, 8888208809802, 'Azkoyen Group', 1, 6, 'Fila 1');
insert into planograma values (3006258109754, 2, 8888208809802, 'Azkoyen Group', 4, 18, 'Fila 2');
insert into planograma values (1837598307905, 3, 8888208809802, 'Azkoyen Group', 3, 13, 'Fila 1');
insert into planograma values (0321302005519, 4, 8888208809802, 'Azkoyen Group', 1, 6, 'Fila 1');
insert into planograma values (8030185700094, 5, 8888208809802, 'Azkoyen Group', 1, 5, 'Fila 1');
insert into planograma values (3624127013048, 1, 5348430509603, 'Azkoyen Group', 3, 17, 'Fila 2');
insert into planograma values (7883969941806, 2, 5348430509603, 'Azkoyen Group', 5, 20, 'Fila 1');
insert into planograma values (1415920407258, 3, 5348430509603, 'Azkoyen Group', 4, 24, 'Fila 4');
insert into planograma values (3624127013048, 4, 5348430509603, 'Azkoyen Group', 3, 17, 'Fila 1');
insert into planograma values (3705347281078, 5, 5348430509603, 'Azkoyen Group', 4, 23, 'Fila 3');
insert into planograma values (5403360903101, 1, 4574860484968, 'Azkoyen Group', 1, 4, 'Fila 1');
insert into planograma values (8870652112264, 2, 4574860484968, 'Azkoyen Group', 1, 6, 'Fila 1');
insert into planograma values (4773510772361, 3, 4574860484968, 'Azkoyen Group', 1, 6, 'Fila 1');
insert into planograma values (1284354657704, 4, 4574860484968, 'Azkoyen Group', 3, 14, 'Fila 3');
insert into planograma values (1675328415728, 5, 4574860484968, 'Azkoyen Group', 3, 17, 'Fila 2');
insert into planograma values (1767913590362, 1, 7462252893192, 'Azkoyen Group', 1, 6, 'Fila 1');
insert into planograma values (7403498365885, 2, 7462252893192, 'Azkoyen Group', 3, 19, 'Fila 2');
insert into planograma values (5603455607276, 3, 7462252893192, 'Azkoyen Group', 4, 19, 'Fila 4');
insert into planograma values (1625550139699, 4, 7462252893192, 'Azkoyen Group', 1, 7, 'Fila 1');
insert into planograma values (1588368862294, 5, 7462252893192, 'Azkoyen Group', 3, 15, 'Fila 3');
insert into planograma values (5493181691267, 1, 1994724148811, 'Azkoyen Group', 2, 10, 'Fila 1');
insert into planograma values (6347772554585, 2, 1994724148811, 'Azkoyen Group', 5, 32, 'Fila 1');
insert into planograma values (2149472099442, 3, 1994724148811, 'Azkoyen Group', 3, 15, 'Fila 3');
insert into planograma values (2284344530635, 4, 1994724148811, 'Azkoyen Group', 5, 28, 'Fila 4');
insert into planograma values (8940554794292, 5, 1994724148811, 'Azkoyen Group', 3, 16, 'Fila 2');
insert into planograma values (8118918266130, 1, 3535073013679, 'Azkoyen Group', 2, 13, 'Fila 1');
insert into planograma values (7362307416070, 2, 3535073013679, 'Azkoyen Group', 5, 34, 'Fila 1');
insert into planograma values (4176419843554, 3, 3535073013679, 'Azkoyen Group', 5, 21, 'Fila 1');
insert into planograma values (3004067520289, 4, 3535073013679, 'Azkoyen Group', 1, 4, 'Fila 1');
insert into planograma values (5739588863582, 5, 3535073013679, 'Azkoyen Group', 4, 23, 'Fila 3');
insert into planograma values (5788004280332, 1, 7485419189999, 'Azkoyen Group', 2, 14, 'Fila 1');
insert into planograma values (5243209551946, 2, 7485419189999, 'Azkoyen Group', 4, 17, 'Fila 2');
insert into planograma values (4363392137051, 3, 7485419189999, 'Azkoyen Group', 2, 12, 'Fila 2');
insert into planograma values (6514243268757, 4, 7485419189999, 'Azkoyen Group', 4, 23, 'Fila 3');
insert into planograma values (4363392137051, 5, 7485419189999, 'Azkoyen Group', 5, 24, 'Fila 2');
insert into planograma values (5775680912367, 1, 9899990094627, 'Azkoyen Group', 5, 20, 'Fila 2');
insert into planograma values (5778006673339, 2, 9899990094627, 'Azkoyen Group', 4, 26, 'Fila 1');
insert into planograma values (9056373519185, 3, 9899990094627, 'Azkoyen Group', 2, 9, 'Fila 1');
insert into planograma values (8030185700094, 4, 9899990094627, 'Azkoyen Group', 1, 7, 'Fila 1');
insert into planograma values (1071900184324, 5, 9899990094627, 'Azkoyen Group', 1, 5, 'Fila 1');
insert into planograma values (3410536415212, 1, 4961530410328, 'Azkoyen Group', 5, 25, 'Fila 3');
insert into planograma values (3507797043457, 2, 4961530410328, 'Azkoyen Group', 3, 19, 'Fila 2');
insert into planograma values (2419370101677, 3, 4961530410328, 'Azkoyen Group', 4, 28, 'Fila 2');
insert into planograma values (7813862519536, 4, 4961530410328, 'Azkoyen Group', 5, 35, 'Fila 3');
insert into planograma values (9309433720727, 5, 4961530410328, 'Azkoyen Group', 1, 5, 'Fila 1');
insert into planograma values (4773510772361, 1, 9099724688753, 'Azkoyen Group', 3, 21, 'Fila 1');
insert into planograma values (2888818377511, 2, 9099724688753, 'Azkoyen Group', 5, 28, 'Fila 4');
insert into planograma values (1943670441172, 3, 9099724688753, 'Azkoyen Group', 2, 13, 'Fila 1');
insert into planograma values (2284344530635, 4, 9099724688753, 'Azkoyen Group', 5, 27, 'Fila 4');
insert into planograma values (9148643601559, 5, 9099724688753, 'Azkoyen Group', 4, 16, 'Fila 2');
insert into planograma values (1388502170230, 1, 8888208809802, 'GLORY', 5, 24, 'Fila 4');
insert into planograma values (1625550139699, 2, 8888208809802, 'GLORY', 2, 9, 'Fila 2');
insert into planograma values (3759784226315, 3, 8888208809802, 'GLORY', 4, 22, 'Fila 2');
insert into planograma values (1555053245786, 4, 8888208809802, 'GLORY', 4, 17, 'Fila 3');
insert into planograma values (7813862519536, 5, 8888208809802, 'GLORY', 2, 11, 'Fila 1');
insert into planograma values (5603455607276, 1, 5348430509603, 'GLORY', 3, 13, 'Fila 3');
insert into planograma values (8030185700094, 2, 5348430509603, 'GLORY', 4, 16, 'Fila 4');
insert into planograma values (5775680912367, 3, 5348430509603, 'GLORY', 5, 30, 'Fila 1');
insert into planograma values (1071900184324, 4, 5348430509603, 'GLORY', 4, 16, 'Fila 4');
insert into planograma values (2453609540508, 5, 5348430509603, 'GLORY', 5, 23, 'Fila 4');
insert into planograma values (8870652112264, 1, 4574860484968, 'GLORY', 5, 33, 'Fila 1');
insert into planograma values (6832765095131, 2, 4574860484968, 'GLORY', 2, 13, 'Fila 1');
insert into planograma values (3410536415212, 3, 4574860484968, 'GLORY', 3, 18, 'Fila 2');
insert into planograma values (5493181691267, 4, 4574860484968, 'GLORY', 4, 27, 'Fila 4');
insert into planograma values (1468742349281, 5, 4574860484968, 'GLORY', 1, 7, 'Fila 1');
insert into planograma values (2453609540508, 1, 7462252893192, 'GLORY', 5, 27, 'Fila 4');
insert into planograma values (7862531865560, 2, 7462252893192, 'GLORY', 4, 18, 'Fila 4');
insert into planograma values (4161276977659, 3, 7462252893192, 'GLORY', 2, 12, 'Fila 2');
insert into planograma values (7609421540708, 4, 7462252893192, 'GLORY', 3, 16, 'Fila 1');
insert into planograma values (8995534805862, 5, 7462252893192, 'GLORY', 2, 13, 'Fila 1');
insert into planograma values (5311121102624, 1, 1994724148811, 'GLORY', 5, 29, 'Fila 1');
insert into planograma values (1555053245786, 2, 1994724148811, 'GLORY', 4, 26, 'Fila 1');
insert into planograma values (4363392137051, 3, 1994724148811, 'GLORY', 4, 16, 'Fila 4');
insert into planograma values (8450196743835, 4, 1994724148811, 'GLORY', 2, 13, 'Fila 1');
insert into planograma values (1555053245786, 5, 1994724148811, 'GLORY', 3, 18, 'Fila 2');
insert into planograma values (6347772554585, 1, 3535073013679, 'GLORY', 3, 16, 'Fila 3');
insert into planograma values (1837598307905, 2, 3535073013679, 'GLORY', 2, 8, 'Fila 1');
insert into planograma values (6514243268757, 3, 3535073013679, 'GLORY', 4, 20, 'Fila 3');
insert into planograma values (3507797043457, 4, 3535073013679, 'GLORY', 3, 19, 'Fila 1');
insert into planograma values (1041036705095, 5, 3535073013679, 'GLORY', 1, 7, 'Fila 1');
insert into planograma values (8995534805862, 1, 7485419189999, 'GLORY', 2, 8, 'Fila 1');
insert into planograma values (8995534805862, 2, 7485419189999, 'GLORY', 3, 19, 'Fila 1');
insert into planograma values (3006258109754, 3, 7485419189999, 'GLORY', 2, 12, 'Fila 1');
insert into planograma values (8613107322864, 4, 7485419189999, 'GLORY', 4, 17, 'Fila 4');
insert into planograma values (5311121102624, 5, 7485419189999, 'GLORY', 4, 27, 'Fila 2');
insert into planograma values (1085234046721, 1, 9899990094627, 'GLORY', 3, 20, 'Fila 3');
insert into planograma values (1943670441172, 2, 9899990094627, 'GLORY', 5, 24, 'Fila 2');
insert into planograma values (2360325987130, 3, 9899990094627, 'GLORY', 1, 6, 'Fila 1');
insert into planograma values (7867281547047, 4, 9899990094627, 'GLORY', 5, 31, 'Fila 4');
insert into planograma values (5243209551946, 5, 9899990094627, 'GLORY', 3, 14, 'Fila 3');
insert into planograma values (0321302005519, 1, 4961530410328, 'GLORY', 2, 11, 'Fila 1');
insert into planograma values (8421250231352, 2, 4961530410328, 'GLORY', 2, 13, 'Fila 1');
insert into planograma values (7154465797509, 3, 4961530410328, 'GLORY', 5, 34, 'Fila 1');
insert into planograma values (1746191137346, 4, 4961530410328, 'GLORY', 1, 4, 'Fila 1');
insert into planograma values (1071900184324, 5, 4961530410328, 'GLORY', 2, 13, 'Fila 1');
insert into planograma values (7813862519536, 1, 9099724688753, 'GLORY', 2, 14, 'Fila 2');
insert into planograma values (5932150501379, 2, 9099724688753, 'GLORY', 1, 6, 'Fila 1');
insert into planograma values (2505292620512, 3, 9099724688753, 'GLORY', 1, 5, 'Fila 1');
insert into planograma values (9584833690590, 4, 9099724688753, 'GLORY', 2, 14, 'Fila 1');
insert into planograma values (4007856375212, 5, 9099724688753, 'GLORY', 2, 11, 'Fila 1');
insert into planograma values (4364545572541, 1, 8888208809802, 'Fuji Electric', 2, 14, 'Fila 1');
insert into planograma values (5739588863582, 2, 8888208809802, 'Fuji Electric', 4, 26, 'Fila 2');
insert into planograma values (2505292620512, 3, 8888208809802, 'Fuji Electric', 3, 20, 'Fila 2');
insert into planograma values (3988656542326, 4, 8888208809802, 'Fuji Electric', 1, 6, 'Fila 1');
insert into planograma values (3418608887277, 5, 8888208809802, 'Fuji Electric', 3, 12, 'Fila 3');
insert into planograma values (4087699796587, 1, 5348430509603, 'Fuji Electric', 2, 10, 'Fila 1');
insert into planograma values (7362307416070, 2, 5348430509603, 'Fuji Electric', 1, 7, 'Fila 1');
insert into planograma values (8450196743835, 3, 5348430509603, 'Fuji Electric', 1, 5, 'Fila 1');
insert into planograma values (5947269556256, 4, 5348430509603, 'Fuji Electric', 2, 10, 'Fila 2');
insert into planograma values (7917634690250, 5, 5348430509603, 'Fuji Electric', 2, 11, 'Fila 2');
insert into planograma values (4363392137051, 1, 4574860484968, 'Fuji Electric', 3, 12, 'Fila 1');
insert into planograma values (8519339191682, 2, 4574860484968, 'Fuji Electric', 1, 7, 'Fila 1');
insert into planograma values (5422437870366, 3, 4574860484968, 'Fuji Electric', 4, 19, 'Fila 2');
insert into planograma values (7862531865560, 4, 4574860484968, 'Fuji Electric', 2, 10, 'Fila 1');
insert into planograma values (4116446086554, 5, 4574860484968, 'Fuji Electric', 4, 27, 'Fila 1');
insert into planograma values (7436239398082, 1, 7462252893192, 'Fuji Electric', 1, 4, 'Fila 1');
insert into planograma values (7362307416070, 2, 7462252893192, 'Fuji Electric', 5, 20, 'Fila 4');
insert into planograma values (6933349746483, 3, 7462252893192, 'Fuji Electric', 1, 6, 'Fila 1');
insert into planograma values (8421250231352, 4, 7462252893192, 'Fuji Electric', 1, 5, 'Fila 1');
insert into planograma values (7154465797509, 5, 7462252893192, 'Fuji Electric', 1, 4, 'Fila 1');
insert into planograma values (2888818377511, 1, 1994724148811, 'Fuji Electric', 5, 28, 'Fila 4');
insert into planograma values (5422437870366, 2, 1994724148811, 'Fuji Electric', 1, 4, 'Fila 1');
insert into planograma values (4116446086554, 3, 1994724148811, 'Fuji Electric', 2, 11, 'Fila 2');
insert into planograma values (1085234046721, 4, 1994724148811, 'Fuji Electric', 2, 13, 'Fila 2');
insert into planograma values (2987948307130, 5, 1994724148811, 'Fuji Electric', 4, 16, 'Fila 4');
insert into planograma values (8533636365161, 1, 3535073013679, 'Fuji Electric', 5, 23, 'Fila 2');
insert into planograma values (8940554794292, 2, 3535073013679, 'Fuji Electric', 4, 19, 'Fila 4');
insert into planograma values (4161276977659, 3, 3535073013679, 'Fuji Electric', 4, 19, 'Fila 3');
insert into planograma values (8995534805862, 4, 3535073013679, 'Fuji Electric', 3, 17, 'Fila 2');
insert into planograma values (7867281547047, 5, 3535073013679, 'Fuji Electric', 3, 12, 'Fila 1');
insert into planograma values (1591885619623, 1, 7485419189999, 'Fuji Electric', 3, 13, 'Fila 1');
insert into planograma values (8277017071665, 2, 7485419189999, 'Fuji Electric', 2, 8, 'Fila 1');
insert into planograma values (8364840225124, 3, 7485419189999, 'Fuji Electric', 2, 12, 'Fila 2');
insert into planograma values (8165576689366, 4, 7485419189999, 'Fuji Electric', 2, 14, 'Fila 1');
insert into planograma values (4363392137051, 5, 7485419189999, 'Fuji Electric', 2, 11, 'Fila 1');
insert into planograma values (2888818377511, 1, 9899990094627, 'Fuji Electric', 2, 12, 'Fila 1');
insert into planograma values (1786796992737, 2, 9899990094627, 'Fuji Electric', 1, 4, 'Fila 1');
insert into planograma values (3006258109754, 3, 9899990094627, 'Fuji Electric', 5, 24, 'Fila 3');
insert into planograma values (5778006673339, 4, 9899990094627, 'Fuji Electric', 4, 25, 'Fila 4');
insert into planograma values (3125750693139, 5, 9899990094627, 'Fuji Electric', 2, 13, 'Fila 2');
insert into planograma values (1961762608074, 1, 4961530410328, 'Fuji Electric', 3, 13, 'Fila 2');
insert into planograma values (5311121102624, 2, 4961530410328, 'Fuji Electric', 5, 21, 'Fila 1');
insert into planograma values (7940229787025, 3, 4961530410328, 'Fuji Electric', 1, 6, 'Fila 1');
insert into planograma values (1517011948532, 4, 4961530410328, 'Fuji Electric', 4, 16, 'Fila 1');
insert into planograma values (3892977199091, 5, 4961530410328, 'Fuji Electric', 1, 4, 'Fila 1');
insert into planograma values (4872647741072, 1, 9099724688753, 'Fuji Electric', 5, 21, 'Fila 1');
insert into planograma values (2888818377511, 2, 9099724688753, 'Fuji Electric', 5, 30, 'Fila 5');
insert into planograma values (2453609540508, 3, 9099724688753, 'Fuji Electric', 5, 21, 'Fila 1');
insert into planograma values (3988656542326, 4, 9099724688753, 'Fuji Electric', 3, 18, 'Fila 2');
insert into planograma values (4120646065829, 5, 9099724688753, 'Fuji Electric', 4, 22, 'Fila 4');
insert into retalhista values (9876543211111, 'Drinks & co');
insert into retalhista values (3417630879649, 'Healthy Vending Food');
insert into retalhista values (2378179048864, 'Unilever');
insert into retalhista values (1048025576912, 'Drinkscape');
insert into retalhista values (6787954950079, 'Quality Meal');
insert into retalhista values (2677939703594, 'Drinknest');
insert into retalhista values (2771899030136, 'Wish Snack');
insert into retalhista values (3770978070948, 'Dine Food');
insert into retalhista values (8978167380044, 'Snackzen');
insert into retalhista values (9087042596230, 'Chew Drink');
insert into retalhista values (5538346730286, 'Luxury Food');
insert into retalhista values (3915490959574, 'Violet Meal');
insert into retalhista values (5880934365457, 'Stake Drink');
insert into retalhista values (9425493289689, 'Drips Snack');
insert into retalhista values (5126790930207, 'Cream Food');
insert into retalhista values (6011158039898, 'Rumble Snack');
insert into retalhista values (2982545428332, 'Snacklance');
insert into retalhista values (3529102244786, 'Lane Snack');
insert into retalhista values (7825838411766, 'Drink Charm');
insert into retalhista values (1132877923583, 'Sweets Joy');
insert into retalhista values (1769001928832, 'Sweets Guard');
insert into retalhista values (4605211128102, 'Sweets Loop');
insert into retalhista values (8416517046952, 'Food Delight');
insert into retalhista values (7290903799810, 'Food Bites');
insert into retalhista values (4788875231357, 'Snack Wish');
insert into retalhista values (8846259194266, 'Snackiva');
insert into retalhista values (1893660950613, 'Foodaro');
insert into retalhista values (9636314992455, 'Drinkify');
insert into retalhista values (2717869371705, 'Meal Fever');
insert into retalhista values (9281061801443, 'Snack Utopia');
insert into retalhista values (9281061801400, 'Start-up Vending');
insert into responsavel_por values (9876543211111, 8888208809802, 'Vending lda');
insert into responsavel_por values (7290903799810, 5348430509603, 'Vending lda');
insert into responsavel_por values (6011158039898, 4574860484968, 'Vending lda');
insert into responsavel_por values (6787954950079, 7462252893192, 'Vending lda');
insert into responsavel_por values (3915490959574, 1994724148811, 'Vending lda');
insert into responsavel_por values (5538346730286, 3535073013679, 'Vending lda');
insert into responsavel_por values (2677939703594, 7485419189999, 'Vending lda');
insert into responsavel_por values (2378179048864, 9899990094627, 'Vending lda');
insert into responsavel_por values (4788875231357, 4961530410328, 'Vending lda');
insert into responsavel_por values (1769001928832, 9099724688753, 'Vending lda');
insert into responsavel_por values (1132877923583, 8888208809802, 'Instant Foodies inc');
insert into responsavel_por values (4605211128102, 5348430509603, 'Instant Foodies inc');
insert into responsavel_por values (3417630879649, 4574860484968, 'Instant Foodies inc');
insert into responsavel_por values (8846259194266, 7462252893192, 'Instant Foodies inc');
insert into responsavel_por values (7825838411766, 1994724148811, 'Instant Foodies inc');
insert into responsavel_por values (2378179048864, 3535073013679, 'Instant Foodies inc');
insert into responsavel_por values (8416517046952, 7485419189999, 'Instant Foodies inc');
insert into responsavel_por values (7290903799810, 9899990094627, 'Instant Foodies inc');
insert into responsavel_por values (9281061801443, 4961530410328, 'Instant Foodies inc');
insert into responsavel_por values (1893660950613, 9099724688753, 'Instant Foodies inc');
insert into responsavel_por values (9636314992455, 8888208809802, 'Azkoyen Group');
insert into responsavel_por values (1048025576912, 5348430509603, 'Azkoyen Group');
insert into responsavel_por values (3770978070948, 4574860484968, 'Azkoyen Group');
insert into responsavel_por values (8978167380044, 7462252893192, 'Azkoyen Group');
insert into responsavel_por values (8846259194266, 1994724148811, 'Azkoyen Group');
insert into responsavel_por values (2982545428332, 3535073013679, 'Azkoyen Group');
insert into responsavel_por values (3529102244786, 7485419189999, 'Azkoyen Group');
insert into responsavel_por values (9087042596230, 9899990094627, 'Azkoyen Group');
insert into responsavel_por values (9281061801443, 4961530410328, 'Azkoyen Group');
insert into responsavel_por values (2717869371705, 9099724688753, 'Azkoyen Group');
insert into responsavel_por values (5880934365457, 8888208809802, 'GLORY');
insert into responsavel_por values (5126790930207, 5348430509603, 'GLORY');
insert into responsavel_por values (6011158039898, 4574860484968, 'GLORY');
insert into responsavel_por values (9425493289689, 7462252893192, 'GLORY');
insert into responsavel_por values (9636314992455, 1994724148811, 'GLORY');
insert into responsavel_por values (1048025576912, 3535073013679, 'GLORY');
insert into responsavel_por values (2771899030136, 7485419189999, 'GLORY');
insert into responsavel_por values (2677939703594, 9899990094627, 'GLORY');
insert into responsavel_por values (9425493289689, 4961530410328, 'GLORY');
insert into responsavel_por values (3529102244786, 9099724688753, 'GLORY');
insert into responsavel_por values (9425493289689, 8888208809802, 'Fuji Electric');
insert into responsavel_por values (5126790930207, 5348430509603, 'Fuji Electric');
insert into responsavel_por values (8416517046952, 4574860484968, 'Fuji Electric');
insert into responsavel_por values (3770978070948, 7462252893192, 'Fuji Electric');
insert into responsavel_por values (6787954950079, 1994724148811, 'Fuji Electric');
insert into responsavel_por values (1769001928832, 3535073013679, 'Fuji Electric');
insert into responsavel_por values (9636314992455, 7485419189999, 'Fuji Electric');
insert into responsavel_por values (9636314992455, 9899990094627, 'Fuji Electric');
insert into responsavel_por values (7825838411766, 4961530410328, 'Fuji Electric');
insert into responsavel_por values (1048025576912, 9099724688753, 'Fuji Electric');
insert into evento_reposicao values (4507514029325, 1, 8888208809802, 'Vending lda', '2022-06-14 17:51:06', 1, 9876543211111);
insert into evento_reposicao values (5701128114035, 3, 8888208809802, 'Vending lda', '2022-08-03 17:18:42', 3, 9876543211111);
insert into evento_reposicao values (4872647741072, 4, 8888208809802, 'Vending lda', '2022-02-12 12:15:21', 14, 9876543211111);
insert into evento_reposicao values (2284344530635, 5, 8888208809802, 'Vending lda', '2023-03-15 12:06:39', 3, 9876543211111);
insert into evento_reposicao values (5493181691267, 1, 9899990094627, 'Instant Foodies inc', '2023-11-14 14:45:25', 3, 7290903799810);
insert into evento_reposicao values (1675328415728, 3, 9899990094627, 'Instant Foodies inc', '2022-09-03 18:56:40', 5, 7290903799810);
insert into evento_reposicao values (7862531865560, 4, 9899990094627, 'Instant Foodies inc', '2023-05-06 18:11:01', 10, 7290903799810);
insert into evento_reposicao values (4007856375212, 5, 9899990094627, 'Instant Foodies inc', '2023-08-08 18:59:30', 7, 7290903799810);
insert into evento_reposicao values (6832765095131, 2, 4574860484968, 'GLORY', '2023-03-01 16:56:42', 13, 6011158039898);
insert into evento_reposicao values (3410536415212, 3, 4574860484968, 'GLORY', '2022-06-02 16:08:15', 3, 6011158039898);
insert into evento_reposicao values (1468742349281, 5, 4574860484968, 'GLORY', '2022-02-09 16:28:38', 2, 6011158039898);
insert into evento_reposicao values (2888818377511, 1, 1994724148811, 'Fuji Electric', '2023-07-10 16:53:21', 23, 6787954950079);
insert into evento_reposicao values (5422437870366, 2, 1994724148811, 'Fuji Electric', '2023-11-05 17:04:58', 4, 6787954950079);
insert into evento_reposicao values (4116446086554, 3, 1994724148811, 'Fuji Electric', '2022-08-15 12:40:38', 1, 6787954950079);
insert into evento_reposicao values (1085234046721, 4, 1994724148811, 'Fuji Electric', '2023-05-04 12:25:44', 1, 6787954950079);
insert into evento_reposicao values (2987948307130, 5, 1994724148811, 'Fuji Electric', '2023-10-14 18:25:21', 11, 6787954950079);
insert into evento_reposicao values (2419370101677, 1, 1994724148811, 'Vending lda', '2022-09-12 13:55:06', 22, 3915490959574);
insert into evento_reposicao values (5459415942837, 2, 1994724148811, 'Vending lda', '2023-12-07 13:44:06', 10, 3915490959574);
insert into evento_reposicao values (2573778806042, 3, 1994724148811, 'Vending lda', '2023-08-15 12:16:01', 3, 3915490959574);
insert into evento_reposicao values (0321302005519, 4, 1994724148811, 'Vending lda', '2022-12-03 16:56:21', 12, 3915490959574);
insert into evento_reposicao values (4176419843554, 5, 1994724148811, 'Vending lda', '2023-11-03 13:22:50', 15, 3915490959574);
insert into evento_reposicao values (1970399813258, 2, 3535073013679, 'Vending lda', '2023-03-04 15:59:36', 4, 5538346730286);
insert into evento_reposicao values (5248846151702, 3, 3535073013679, 'Vending lda', '2022-01-06 14:26:27', 1, 5538346730286);
insert into evento_reposicao values (4161276977659, 4, 3535073013679, 'Vending lda', '2022-03-09 12:32:41', 2, 5538346730286);
insert into evento_reposicao values (1837598307905, 5, 3535073013679, 'Vending lda', '2023-03-08 12:25:53', 18, 5538346730286);
insert into evento_reposicao values (1085234046721, 1, 9899990094627, 'GLORY', '2022-08-09 17:10:57', 1, 2677939703594);
insert into evento_reposicao values (1943670441172, 2, 9899990094627, 'GLORY', '2022-03-14 13:55:09', 18, 2677939703594);
insert into evento_reposicao values (2360325987130, 3, 9899990094627, 'GLORY', '2023-01-12 15:04:20', 1, 2677939703594);
insert into evento_reposicao values (7867281547047, 4, 9899990094627, 'GLORY', '2022-03-08 16:21:13', 28, 2677939703594);
insert into evento_reposicao values (5243209551946, 5, 9899990094627, 'GLORY', '2022-04-14 12:26:26', 10, 2677939703594);
insert into evento_reposicao values (1625550139699, 1, 3535073013679, 'Instant Foodies inc', '2023-05-13 15:17:42', 1, 2378179048864);
insert into evento_reposicao values (8277017071665, 2, 3535073013679, 'Instant Foodies inc', '2022-10-08 15:50:07', 10, 2378179048864);
insert into evento_reposicao values (7862531865560, 3, 3535073013679, 'Instant Foodies inc', '2022-02-12 13:07:58', 19, 2378179048864);
insert into evento_reposicao values (6347772554585, 4, 3535073013679, 'Instant Foodies inc', '2023-09-12 16:25:17', 11, 2378179048864);
insert into evento_reposicao values (2453609540508, 5, 3535073013679, 'Instant Foodies inc', '2023-02-01 17:10:28', 2, 2378179048864);
insert into evento_reposicao values (9972128589711, 1, 4961530410328, 'Vending lda', '2023-07-01 12:42:10', 16, 4788875231357);
insert into evento_reposicao values (5344744972884, 2, 4961530410328, 'Vending lda', '2023-12-09 12:21:45', 1, 4788875231357);
insert into evento_reposicao values (5788004280332, 3, 4961530410328, 'Vending lda', '2023-06-03 14:05:53', 12, 4788875231357);
insert into evento_reposicao values (1111538823771, 4, 4961530410328, 'Vending lda', '2023-12-13 15:54:38', 5, 4788875231357);
insert into evento_reposicao values (4872647741072, 5, 4961530410328, 'Vending lda', '2022-05-14 16:39:53', 4, 4788875231357);
insert into evento_reposicao values (8533636365161, 1, 3535073013679, 'Fuji Electric', '2023-07-13 17:04:54', 6, 1769001928832);
insert into evento_reposicao values (4161276977659, 3, 3535073013679, 'Fuji Electric', '2023-01-04 12:24:43', 4, 1769001928832);
insert into evento_reposicao values (8995534805862, 4, 3535073013679, 'Fuji Electric', '2022-12-10 12:27:43', 14, 1769001928832);
insert into evento_reposicao values (7867281547047, 5, 3535073013679, 'Fuji Electric', '2022-09-14 13:28:16', 12, 1769001928832);
insert into evento_reposicao values (1625550139699, 1, 8888208809802, 'Instant Foodies inc', '2023-08-09 17:40:09', 3, 1132877923583);
insert into evento_reposicao values (6471869716982, 2, 8888208809802, 'Instant Foodies inc', '2022-01-15 12:59:22', 25, 1132877923583);
insert into evento_reposicao values (4363392137051, 3, 8888208809802, 'Instant Foodies inc', '2022-05-04 15:25:55', 3, 1132877923583);
insert into evento_reposicao values (1415920407258, 4, 8888208809802, 'Instant Foodies inc', '2023-04-08 18:19:02', 4, 1132877923583);
insert into evento_reposicao values (1388502170230, 5, 8888208809802, 'Instant Foodies inc', '2023-11-14 12:14:53', 4, 1132877923583);
insert into evento_reposicao values (3345786165241, 1, 5348430509603, 'Instant Foodies inc', '2022-09-05 18:52:18', 16, 4605211128102);
insert into evento_reposicao values (8421250231352, 2, 5348430509603, 'Instant Foodies inc', '2023-06-14 16:07:41', 11, 4605211128102);
insert into evento_reposicao values (2573778806042, 3, 5348430509603, 'Instant Foodies inc', '2022-08-11 17:21:24', 10, 4605211128102);
insert into evento_reposicao values (3507797043457, 4, 5348430509603, 'Instant Foodies inc', '2022-05-01 13:25:15', 8, 4605211128102);
insert into evento_reposicao values (2512806864646, 5, 5348430509603, 'Instant Foodies inc', '2023-07-02 17:48:02', 13, 4605211128102);
insert into evento_reposicao values (1746191137346, 1, 4574860484968, 'Instant Foodies inc', '2023-08-02 16:33:44', 4, 3417630879649);
insert into evento_reposicao values (1415920407258, 2, 4574860484968, 'Instant Foodies inc', '2023-04-10 16:16:21', 2, 3417630879649);
insert into evento_reposicao values (2972633052179, 3, 4574860484968, 'Instant Foodies inc', '2022-07-15 14:16:58', 27, 3417630879649);
insert into evento_reposicao values (7940229787025, 4, 4574860484968, 'Instant Foodies inc', '2022-08-02 15:39:53', 3, 3417630879649);
insert into evento_reposicao values (0321302005519, 5, 4574860484968, 'Instant Foodies inc', '2023-05-01 18:23:18', 3, 3417630879649);
insert into evento_reposicao values (5493181691267, 1, 1994724148811, 'Azkoyen Group', '2023-10-01 14:48:42', 9, 8846259194266);
insert into evento_reposicao values (6347772554585, 2, 1994724148811, 'Azkoyen Group', '2023-09-06 16:33:11', 3, 8846259194266);
insert into evento_reposicao values (2284344530635, 4, 1994724148811, 'Azkoyen Group', '2023-06-09 15:22:03', 9, 8846259194266);
insert into evento_reposicao values (8940554794292, 5, 1994724148811, 'Azkoyen Group', '2023-05-06 17:15:43', 4, 8846259194266);
insert into evento_reposicao values (1961762608074, 1, 4961530410328, 'Fuji Electric', '2022-08-12 18:39:22', 6, 7825838411766);
insert into evento_reposicao values (7940229787025, 3, 4961530410328, 'Fuji Electric', '2023-05-04 18:28:43', 5, 7825838411766);
insert into evento_reposicao values (1517011948532, 4, 4961530410328, 'Fuji Electric', '2023-05-14 17:40:01', 4, 7825838411766);
insert into evento_reposicao values (3892977199091, 5, 4961530410328, 'Fuji Electric', '2023-01-14 12:56:51', 3, 7825838411766);
insert into evento_reposicao values (4363392137051, 1, 4574860484968, 'Fuji Electric', '2023-08-04 13:25:45', 5, 8416517046952);
insert into evento_reposicao values (5422437870366, 3, 4574860484968, 'Fuji Electric', '2023-10-05 13:56:49', 13, 8416517046952);
insert into evento_reposicao values (7862531865560, 4, 4574860484968, 'Fuji Electric', '2022-03-09 16:52:07', 2, 8416517046952);
insert into evento_reposicao values (4116446086554, 5, 4574860484968, 'Fuji Electric', '2023-07-02 12:44:54', 2, 8416517046952);
insert into evento_reposicao values (3410536415212, 1, 4961530410328, 'Azkoyen Group', '2022-04-12 17:33:40', 22, 9281061801443);
insert into evento_reposicao values (3507797043457, 2, 4961530410328, 'Azkoyen Group', '2022-02-11 17:20:41', 4, 9281061801443);
insert into evento_reposicao values (2419370101677, 3, 4961530410328, 'Azkoyen Group', '2023-09-12 13:51:15', 7, 9281061801443);
insert into evento_reposicao values (7813862519536, 4, 4961530410328, 'Azkoyen Group', '2023-12-09 16:46:06', 17, 9281061801443);
insert into evento_reposicao values (8951474757057, 1, 9099724688753, 'Instant Foodies inc', '2022-11-10 18:22:19', 7, 1893660950613);
insert into evento_reposicao values (2510353769360, 2, 9099724688753, 'Instant Foodies inc', '2022-07-05 15:08:33', 7, 1893660950613);
insert into evento_reposicao values (1970399813258, 3, 9099724688753, 'Instant Foodies inc', '2022-09-06 14:10:37', 7, 1893660950613);
insert into evento_reposicao values (2340891527939, 4, 9099724688753, 'Instant Foodies inc', '2023-10-03 17:26:04', 3, 1893660950613);
insert into evento_reposicao values (1837598307905, 5, 9099724688753, 'Instant Foodies inc', '2023-12-09 13:34:03', 32, 1893660950613);
insert into evento_reposicao values (2888818377511, 1, 9899990094627, 'Fuji Electric', '2023-04-01 14:28:53', 8, 9636314992455);
insert into evento_reposicao values (5778006673339, 4, 9899990094627, 'Fuji Electric', '2023-10-10 17:08:18', 25, 9636314992455);
insert into evento_reposicao values (3125750693139, 5, 9899990094627, 'Fuji Electric', '2023-12-11 17:36:22', 1, 9636314992455);
insert into evento_reposicao values (4872647741072, 1, 9099724688753, 'Fuji Electric', '2022-01-12 12:46:58', 4, 1048025576912);
insert into evento_reposicao values (2888818377511, 2, 9099724688753, 'Fuji Electric', '2023-03-12 14:54:43', 3, 1048025576912);
insert into evento_reposicao values (2453609540508, 3, 9099724688753, 'Fuji Electric', '2023-12-12 17:26:47', 8, 1048025576912);
insert into evento_reposicao values (3988656542326, 4, 9099724688753, 'Fuji Electric', '2023-04-06 12:58:24', 12, 1048025576912);
insert into evento_reposicao values (4120646065829, 5, 9099724688753, 'Fuji Electric', '2022-12-11 13:53:23', 4, 1048025576912);
insert into evento_reposicao values (7436239398082, 1, 7462252893192, 'Fuji Electric', '2022-07-02 13:10:29', 1, 3770978070948);
insert into evento_reposicao values (7362307416070, 2, 7462252893192, 'Fuji Electric', '2022-05-07 17:19:06', 5, 3770978070948);
insert into evento_reposicao values (6933349746483, 3, 7462252893192, 'Fuji Electric', '2023-11-02 17:01:09', 4, 3770978070948);
insert into evento_reposicao values (8421250231352, 4, 7462252893192, 'Fuji Electric', '2022-01-04 18:14:32', 4, 3770978070948);
insert into evento_reposicao values (7154465797509, 5, 7462252893192, 'Fuji Electric', '2023-11-09 12:12:33', 1, 3770978070948);
insert into evento_reposicao values (1767913590362, 1, 7462252893192, 'Azkoyen Group', '2022-05-10 15:29:11', 6, 8978167380044);
insert into evento_reposicao values (7403498365885, 2, 7462252893192, 'Azkoyen Group', '2022-08-05 14:04:08', 7, 8978167380044);
insert into evento_reposicao values (5603455607276, 3, 7462252893192, 'Azkoyen Group', '2022-02-13 16:30:01', 1, 8978167380044);
insert into evento_reposicao values (1625550139699, 4, 7462252893192, 'Azkoyen Group', '2022-10-10 16:41:32', 7, 8978167380044);
insert into evento_reposicao values (1588368862294, 5, 7462252893192, 'Azkoyen Group', '2022-12-12 15:21:18', 2, 8978167380044);
insert into evento_reposicao values (8118918266130, 1, 3535073013679, 'Azkoyen Group', '2023-02-03 13:22:42', 2, 2982545428332);
insert into evento_reposicao values (7362307416070, 2, 3535073013679, 'Azkoyen Group', '2022-11-11 13:47:59', 7, 2982545428332);
insert into evento_reposicao values (4176419843554, 3, 3535073013679, 'Azkoyen Group', '2022-09-06 15:36:41', 14, 2982545428332);
insert into evento_reposicao values (3004067520289, 4, 3535073013679, 'Azkoyen Group', '2023-12-03 14:33:11', 2, 2982545428332);
insert into evento_reposicao values (5739588863582, 5, 3535073013679, 'Azkoyen Group', '2023-07-14 13:18:06', 17, 2982545428332);
insert into evento_reposicao values (5932150501379, 2, 9099724688753, 'GLORY', '2022-12-07 18:17:41', 3, 3529102244786);
insert into evento_reposicao values (2505292620512, 3, 9099724688753, 'GLORY', '2023-09-03 15:03:45', 4, 3529102244786);
insert into evento_reposicao values (9584833690590, 4, 9099724688753, 'GLORY', '2022-02-10 14:19:09', 2, 3529102244786);
insert into evento_reposicao values (4007856375212, 5, 9099724688753, 'GLORY', '2022-10-03 17:01:47', 10, 3529102244786);
insert into evento_reposicao values (5775680912367, 1, 9899990094627, 'Azkoyen Group', '2022-08-07 14:23:02', 19, 9087042596230);
insert into evento_reposicao values (9056373519185, 3, 9899990094627, 'Azkoyen Group', '2022-01-08 14:20:24', 4, 9087042596230);
insert into evento_reposicao values (8030185700094, 4, 9899990094627, 'Azkoyen Group', '2023-10-02 16:46:23', 4, 9087042596230);
insert into evento_reposicao values (1071900184324, 5, 9899990094627, 'Azkoyen Group', '2022-04-04 15:31:12', 2, 9087042596230);
insert into evento_reposicao values (4773510772361, 1, 9099724688753, 'Azkoyen Group', '2022-10-12 18:57:15', 10, 2717869371705);
insert into evento_reposicao values (2888818377511, 2, 9099724688753, 'Azkoyen Group', '2023-11-08 17:01:20', 28, 2717869371705);
insert into evento_reposicao values (2284344530635, 4, 9099724688753, 'Azkoyen Group', '2023-01-06 13:34:03', 3, 2717869371705);
insert into evento_reposicao values (9148643601559, 5, 9099724688753, 'Azkoyen Group', '2022-05-12 12:42:08', 6, 2717869371705);
insert into evento_reposicao values (1388502170230, 1, 8888208809802, 'GLORY', '2022-06-03 16:51:54', 4, 5880934365457);
insert into evento_reposicao values (1625550139699, 2, 8888208809802, 'GLORY', '2022-06-03 14:47:25', 1, 5880934365457);
insert into evento_reposicao values (1555053245786, 4, 8888208809802, 'GLORY', '2022-03-13 15:36:14', 8, 5880934365457);
insert into evento_reposicao values (7813862519536, 5, 8888208809802, 'GLORY', '2022-03-15 14:15:13', 5, 5880934365457);
insert into evento_reposicao values (4087699796587, 1, 5348430509603, 'Fuji Electric', '2023-12-08 17:13:10', 2, 5126790930207);
insert into evento_reposicao values (7362307416070, 2, 5348430509603, 'Fuji Electric', '2023-04-02 12:49:49', 6, 5126790930207);
insert into evento_reposicao values (8450196743835, 3, 5348430509603, 'Fuji Electric', '2023-07-06 15:22:43', 3, 5126790930207);
insert into evento_reposicao values (5947269556256, 4, 5348430509603, 'Fuji Electric', '2022-03-09 12:32:21', 1, 5126790930207);
insert into evento_reposicao values (4364545572541, 1, 8888208809802, 'Fuji Electric', '2022-09-14 15:17:37', 7, 9425493289689);
insert into evento_reposicao values (5739588863582, 2, 8888208809802, 'Fuji Electric', '2023-06-13 15:28:34', 8, 9425493289689);
insert into evento_reposicao values (2505292620512, 3, 8888208809802, 'Fuji Electric', '2023-03-05 13:50:25', 11, 9425493289689);
insert into evento_reposicao values (3988656542326, 4, 8888208809802, 'Fuji Electric', '2022-06-01 17:41:11', 5, 9425493289689);
insert into evento_reposicao values (3418608887277, 5, 8888208809802, 'Fuji Electric', '2023-08-06 16:33:18', 12, 9425493289689);
insert into evento_reposicao values (8995534805862, 1, 7485419189999, 'GLORY', '2022-10-03 15:22:10', 3, 2771899030136);
insert into evento_reposicao values (8995534805862, 2, 7485419189999, 'GLORY', '2022-09-15 12:39:17', 17, 2771899030136);
insert into evento_reposicao values (3006258109754, 3, 7485419189999, 'GLORY', '2022-06-09 15:03:49', 12, 2771899030136);
insert into evento_reposicao values (8613107322864, 4, 7485419189999, 'GLORY', '2022-12-07 14:11:25', 16, 2771899030136);
insert into evento_reposicao values (5311121102624, 5, 7485419189999, 'GLORY', '2022-03-13 17:23:43', 1, 2771899030136);
insert into evento_reposicao values (4507514029325, 1, 8888208809802, 'Vending lda', '2023-10-10 17:34:17', 8, 9876543211111);
insert into evento_reposicao values (6514243268757, 2, 8888208809802, 'Vending lda', '2023-10-15 14:09:35', 6, 9876543211111);
insert into evento_reposicao values (5701128114035, 3, 8888208809802, 'Vending lda', '2023-03-13 12:23:06', 3, 9876543211111);
insert into evento_reposicao values (4872647741072, 4, 8888208809802, 'Vending lda', '2023-04-09 16:56:03', 8, 9876543211111);
insert into evento_reposicao values (5493181691267, 1, 9899990094627, 'Instant Foodies inc', '2023-05-06 12:18:50', 2, 7290903799810);
insert into evento_reposicao values (2284344530635, 2, 9899990094627, 'Instant Foodies inc', '2023-07-01 18:44:25', 20, 7290903799810);
insert into evento_reposicao values (1675328415728, 3, 9899990094627, 'Instant Foodies inc', '2022-03-07 15:19:12', 12, 7290903799810);
insert into evento_reposicao values (7862531865560, 4, 9899990094627, 'Instant Foodies inc', '2022-03-14 13:25:20', 7, 7290903799810);
insert into evento_reposicao values (4007856375212, 5, 9899990094627, 'Instant Foodies inc', '2022-10-06 13:27:29', 4, 7290903799810);
insert into evento_reposicao values (8870652112264, 1, 4574860484968, 'GLORY', '2023-04-10 18:14:46', 13, 6011158039898);
insert into evento_reposicao values (6832765095131, 2, 4574860484968, 'GLORY', '2023-02-06 16:08:40', 7, 6011158039898);
insert into evento_reposicao values (3410536415212, 3, 4574860484968, 'GLORY', '2023-05-10 13:12:01', 4, 6011158039898);
insert into evento_reposicao values (5493181691267, 4, 4574860484968, 'GLORY', '2023-10-11 18:26:01', 27, 6011158039898);
insert into evento_reposicao values (1468742349281, 5, 4574860484968, 'GLORY', '2022-05-06 14:37:23', 3, 6011158039898);
insert into evento_reposicao values (2888818377511, 1, 1994724148811, 'Fuji Electric', '2022-05-01 14:06:06', 16, 6787954950079);
insert into evento_reposicao values (4116446086554, 3, 1994724148811, 'Fuji Electric', '2022-08-02 16:52:01', 3, 6787954950079);
insert into evento_reposicao values (1085234046721, 4, 1994724148811, 'Fuji Electric', '2022-07-08 18:43:43', 12, 6787954950079);
insert into evento_reposicao values (2987948307130, 5, 1994724148811, 'Fuji Electric', '2022-02-04 18:55:18', 14, 6787954950079);
insert into evento_reposicao values (2419370101677, 1, 1994724148811, 'Vending lda', '2022-11-02 17:27:30', 1, 3915490959574);
insert into evento_reposicao values (5459415942837, 2, 1994724148811, 'Vending lda', '2023-11-03 15:05:05', 11, 3915490959574);
insert into evento_reposicao values (2573778806042, 3, 1994724148811, 'Vending lda', '2022-08-02 15:53:35', 4, 3915490959574);
insert into evento_reposicao values (0321302005519, 4, 1994724148811, 'Vending lda', '2023-10-11 12:15:14', 10, 3915490959574);
insert into evento_reposicao values (4176419843554, 5, 1994724148811, 'Vending lda', '2023-07-05 17:39:39', 5, 3915490959574);
insert into evento_reposicao values (4161276977659, 1, 3535073013679, 'Vending lda', '2022-06-11 18:46:16', 6, 5538346730286);
insert into evento_reposicao values (1970399813258, 2, 3535073013679, 'Vending lda', '2022-11-08 17:37:09', 3, 5538346730286);
insert into evento_reposicao values (5248846151702, 3, 3535073013679, 'Vending lda', '2022-04-13 16:47:43', 29, 5538346730286);
insert into evento_reposicao values (4161276977659, 4, 3535073013679, 'Vending lda', '2023-10-01 13:40:10', 4, 5538346730286);
insert into evento_reposicao values (1837598307905, 5, 3535073013679, 'Vending lda', '2022-08-08 18:59:17', 3, 5538346730286);
insert into evento_reposicao values (1943670441172, 2, 9899990094627, 'GLORY', '2023-06-11 17:56:01', 22, 2677939703594);
insert into evento_reposicao values (2360325987130, 3, 9899990094627, 'GLORY', '2023-08-06 12:44:40', 2, 2677939703594);
insert into evento_reposicao values (7867281547047, 4, 9899990094627, 'GLORY', '2022-08-07 16:24:08', 2, 2677939703594);
insert into evento_reposicao values (5243209551946, 5, 9899990094627, 'GLORY', '2022-05-12 12:03:42', 12, 2677939703594);
insert into evento_reposicao values (1625550139699, 1, 3535073013679, 'Instant Foodies inc', '2023-06-15 18:26:09', 6, 2378179048864);
insert into evento_reposicao values (8277017071665, 2, 3535073013679, 'Instant Foodies inc', '2023-12-12 16:14:07', 2, 2378179048864);
insert into evento_reposicao values (7862531865560, 3, 3535073013679, 'Instant Foodies inc', '2023-09-04 15:20:12', 16, 2378179048864);
insert into evento_reposicao values (6347772554585, 4, 3535073013679, 'Instant Foodies inc', '2023-12-15 15:42:59', 16, 2378179048864);
insert into evento_reposicao values (2453609540508, 5, 3535073013679, 'Instant Foodies inc', '2023-11-05 15:22:19', 6, 2378179048864);
insert into evento_reposicao values (9972128589711, 1, 4961530410328, 'Vending lda', '2023-10-06 18:32:02', 6, 4788875231357);
insert into evento_reposicao values (5344744972884, 2, 4961530410328, 'Vending lda', '2023-06-11 13:47:39', 2, 4788875231357);
insert into evento_reposicao values (5788004280332, 3, 4961530410328, 'Vending lda', '2022-09-03 16:04:54', 10, 4788875231357);
insert into evento_reposicao values (1111538823771, 4, 4961530410328, 'Vending lda', '2023-12-03 17:48:19', 8, 4788875231357);
insert into evento_reposicao values (4872647741072, 5, 4961530410328, 'Vending lda', '2022-01-13 13:01:23', 1, 4788875231357);
insert into evento_reposicao values (8533636365161, 1, 3535073013679, 'Fuji Electric', '2023-09-12 16:03:10', 13, 1769001928832);
insert into evento_reposicao values (8940554794292, 2, 3535073013679, 'Fuji Electric', '2022-11-09 12:48:57', 14, 1769001928832);
insert into evento_reposicao values (4161276977659, 3, 3535073013679, 'Fuji Electric', '2023-01-04 12:49:22', 12, 1769001928832);
insert into evento_reposicao values (7867281547047, 5, 3535073013679, 'Fuji Electric', '2023-09-07 13:30:33', 7, 1769001928832);
insert into evento_reposicao values (1625550139699, 1, 8888208809802, 'Instant Foodies inc', '2023-10-04 16:31:47', 3, 1132877923583);
insert into evento_reposicao values (6471869716982, 2, 8888208809802, 'Instant Foodies inc', '2022-12-06 13:51:57', 25, 1132877923583);
insert into evento_reposicao values (4363392137051, 3, 8888208809802, 'Instant Foodies inc', '2022-04-05 13:30:09', 1, 1132877923583);
insert into evento_reposicao values (1415920407258, 4, 8888208809802, 'Instant Foodies inc', '2022-12-03 12:27:27', 4, 1132877923583);
insert into evento_reposicao values (1388502170230, 5, 8888208809802, 'Instant Foodies inc', '2023-11-01 15:18:17', 3, 1132877923583);
insert into evento_reposicao values (3345786165241, 1, 5348430509603, 'Instant Foodies inc', '2023-05-14 15:24:54', 32, 4605211128102);
insert into evento_reposicao values (2573778806042, 3, 5348430509603, 'Instant Foodies inc', '2022-05-06 17:16:35', 10, 4605211128102);
insert into evento_reposicao values (3507797043457, 4, 5348430509603, 'Instant Foodies inc', '2023-07-06 14:28:18', 12, 4605211128102);
insert into evento_reposicao values (2512806864646, 5, 5348430509603, 'Instant Foodies inc', '2023-09-07 18:22:42', 8, 4605211128102);
insert into evento_reposicao values (1746191137346, 1, 4574860484968, 'Instant Foodies inc', '2022-06-10 15:57:05', 7, 3417630879649);
insert into evento_reposicao values (1415920407258, 2, 4574860484968, 'Instant Foodies inc', '2023-11-15 15:54:18', 11, 3417630879649);
insert into evento_reposicao values (2972633052179, 3, 4574860484968, 'Instant Foodies inc', '2023-11-07 14:06:33', 21, 3417630879649);
insert into evento_reposicao values (7940229787025, 4, 4574860484968, 'Instant Foodies inc', '2023-02-15 16:17:02', 9, 3417630879649);
insert into evento_reposicao values (0321302005519, 5, 4574860484968, 'Instant Foodies inc', '2023-03-15 14:30:12', 6, 3417630879649);
insert into evento_reposicao values (5493181691267, 1, 1994724148811, 'Azkoyen Group', '2023-01-01 13:17:56', 6, 8846259194266);
insert into evento_reposicao values (6347772554585, 2, 1994724148811, 'Azkoyen Group', '2022-06-14 14:58:39', 23, 8846259194266);
insert into evento_reposicao values (2149472099442, 3, 1994724148811, 'Azkoyen Group', '2023-11-15 16:26:39', 11, 8846259194266);
insert into evento_reposicao values (2284344530635, 4, 1994724148811, 'Azkoyen Group', '2022-11-08 12:30:39', 16, 8846259194266);
insert into evento_reposicao values (8940554794292, 5, 1994724148811, 'Azkoyen Group', '2022-01-03 16:47:04', 3, 8846259194266);
insert into evento_reposicao values (5311121102624, 2, 4961530410328, 'Fuji Electric', '2022-06-15 12:49:36', 14, 7825838411766);
insert into evento_reposicao values (7940229787025, 3, 4961530410328, 'Fuji Electric', '2022-02-08 15:53:42', 6, 7825838411766);
insert into evento_reposicao values (1517011948532, 4, 4961530410328, 'Fuji Electric', '2023-01-14 17:39:05', 10, 7825838411766);
insert into evento_reposicao values (3892977199091, 5, 4961530410328, 'Fuji Electric', '2022-09-10 17:14:53', 1, 7825838411766);
insert into evento_reposicao values (4363392137051, 1, 4574860484968, 'Fuji Electric', '2023-12-10 12:02:49', 4, 8416517046952);
insert into evento_reposicao values (8519339191682, 2, 4574860484968, 'Fuji Electric', '2022-01-05 14:17:55', 3, 8416517046952);
insert into evento_reposicao values (5422437870366, 3, 4574860484968, 'Fuji Electric', '2022-05-11 15:18:49', 8, 8416517046952);
insert into evento_reposicao values (7862531865560, 4, 4574860484968, 'Fuji Electric', '2022-11-04 16:09:24', 10, 8416517046952);
insert into evento_reposicao values (4116446086554, 5, 4574860484968, 'Fuji Electric', '2022-08-07 13:24:19', 14, 8416517046952);
insert into evento_reposicao values (3410536415212, 1, 4961530410328, 'Azkoyen Group', '2023-03-08 15:35:39', 4, 9281061801443);
insert into evento_reposicao values (2419370101677, 3, 4961530410328, 'Azkoyen Group', '2022-09-12 13:51:47', 17, 9281061801443);
insert into evento_reposicao values (7813862519536, 4, 4961530410328, 'Azkoyen Group', '2022-09-14 13:02:10', 11, 9281061801443);
insert into evento_reposicao values (9309433720727, 5, 4961530410328, 'Azkoyen Group', '2023-08-11 17:33:19', 3, 9281061801443);
insert into evento_reposicao values (8951474757057, 1, 9099724688753, 'Instant Foodies inc', '2022-06-05 14:23:55', 7, 1893660950613);
insert into evento_reposicao values (2510353769360, 2, 9099724688753, 'Instant Foodies inc', '2022-09-05 14:39:48', 6, 1893660950613);
insert into evento_reposicao values (1970399813258, 3, 9099724688753, 'Instant Foodies inc', '2022-12-15 16:27:16', 2, 1893660950613);
insert into evento_reposicao values (2340891527939, 4, 9099724688753, 'Instant Foodies inc', '2022-11-02 18:58:47', 7, 1893660950613);
insert into evento_reposicao values (1837598307905, 5, 9099724688753, 'Instant Foodies inc', '2023-06-04 12:46:47', 31, 1893660950613);
insert into evento_reposicao values (2888818377511, 1, 9899990094627, 'Fuji Electric', '2023-10-05 13:13:30', 8, 9636314992455);
insert into evento_reposicao values (1786796992737, 2, 9899990094627, 'Fuji Electric', '2023-06-14 13:53:40', 3, 9636314992455);
insert into evento_reposicao values (3006258109754, 3, 9899990094627, 'Fuji Electric', '2022-01-09 13:37:30', 20, 9636314992455);
insert into evento_reposicao values (5778006673339, 4, 9899990094627, 'Fuji Electric', '2022-12-15 15:27:22', 3, 9636314992455);
insert into evento_reposicao values (3125750693139, 5, 9899990094627, 'Fuji Electric', '2023-12-06 16:47:05', 5, 9636314992455);
insert into evento_reposicao values (2888818377511, 2, 9099724688753, 'Fuji Electric', '2023-09-10 15:42:12', 4, 1048025576912);
insert into evento_reposicao values (2453609540508, 3, 9099724688753, 'Fuji Electric', '2023-02-09 12:57:12', 15, 1048025576912);
insert into evento_reposicao values (3988656542326, 4, 9099724688753, 'Fuji Electric', '2022-09-10 14:44:01', 5, 1048025576912);
insert into evento_reposicao values (4120646065829, 5, 9099724688753, 'Fuji Electric', '2022-11-04 15:23:13', 3, 1048025576912);
insert into evento_reposicao values (7436239398082, 1, 7462252893192, 'Fuji Electric', '2022-09-09 18:08:37', 3, 3770978070948);
insert into evento_reposicao values (7362307416070, 2, 7462252893192, 'Fuji Electric', '2022-06-01 14:57:36', 18, 3770978070948);
insert into evento_reposicao values (6933349746483, 3, 7462252893192, 'Fuji Electric', '2023-06-07 14:06:48', 2, 3770978070948);
insert into evento_reposicao values (8421250231352, 4, 7462252893192, 'Fuji Electric', '2023-10-02 16:49:20', 5, 3770978070948);
insert into evento_reposicao values (7154465797509, 5, 7462252893192, 'Fuji Electric', '2022-02-01 17:32:57', 2, 3770978070948);
insert into evento_reposicao values (1767913590362, 1, 7462252893192, 'Azkoyen Group', '2022-07-11 16:07:30', 6, 8978167380044);
insert into evento_reposicao values (7403498365885, 2, 7462252893192, 'Azkoyen Group', '2022-05-07 18:53:50', 1, 8978167380044);
insert into evento_reposicao values (5603455607276, 3, 7462252893192, 'Azkoyen Group', '2023-08-12 13:38:41', 9, 8978167380044);
insert into evento_reposicao values (1588368862294, 5, 7462252893192, 'Azkoyen Group', '2022-05-05 12:02:09', 6, 8978167380044);
insert into evento_reposicao values (8118918266130, 1, 3535073013679, 'Azkoyen Group', '2022-03-13 15:33:33', 8, 2982545428332);
insert into evento_reposicao values (7362307416070, 2, 3535073013679, 'Azkoyen Group', '2023-02-01 16:51:46', 27, 2982545428332);
insert into evento_reposicao values (4176419843554, 3, 3535073013679, 'Azkoyen Group', '2022-05-06 18:14:02', 18, 2982545428332);
insert into evento_reposicao values (3004067520289, 4, 3535073013679, 'Azkoyen Group', '2023-04-03 15:52:56', 1, 2982545428332);
insert into evento_reposicao values (5739588863582, 5, 3535073013679, 'Azkoyen Group', '2022-07-03 13:25:41', 9, 2982545428332);
insert into evento_reposicao values (7813862519536, 1, 9099724688753, 'GLORY', '2022-05-14 17:07:55', 4, 3529102244786);
insert into evento_reposicao values (5932150501379, 2, 9099724688753, 'GLORY', '2022-09-04 18:42:53', 5, 3529102244786);
insert into evento_reposicao values (2505292620512, 3, 9099724688753, 'GLORY', '2022-04-06 18:52:55', 4, 3529102244786);
insert into evento_reposicao values (4007856375212, 5, 9099724688753, 'GLORY', '2023-10-07 12:38:41', 6, 3529102244786);
insert into evento_reposicao values (5775680912367, 1, 9899990094627, 'Azkoyen Group', '2023-10-07 14:39:24', 20, 9087042596230);
insert into evento_reposicao values (5778006673339, 2, 9899990094627, 'Azkoyen Group', '2023-01-01 18:41:07', 14, 9087042596230);
insert into evento_reposicao values (9056373519185, 3, 9899990094627, 'Azkoyen Group', '2022-07-04 14:30:59', 9, 9087042596230);
insert into evento_reposicao values (8030185700094, 4, 9899990094627, 'Azkoyen Group', '2022-12-02 17:20:13', 1, 9087042596230);
insert into evento_reposicao values (1071900184324, 5, 9899990094627, 'Azkoyen Group', '2023-07-13 13:33:44', 1, 9087042596230);
insert into evento_reposicao values (4773510772361, 1, 9099724688753, 'Azkoyen Group', '2023-12-04 14:21:13', 6, 2717869371705);
insert into evento_reposicao values (2888818377511, 2, 9099724688753, 'Azkoyen Group', '2023-02-10 18:03:53', 25, 2717869371705);
insert into evento_reposicao values (1943670441172, 3, 9099724688753, 'Azkoyen Group', '2023-04-04 15:40:27', 9, 2717869371705);
insert into evento_reposicao values (2284344530635, 4, 9099724688753, 'Azkoyen Group', '2023-10-08 12:10:08', 10, 2717869371705);
insert into evento_reposicao values (9148643601559, 5, 9099724688753, 'Azkoyen Group', '2022-01-02 13:42:37', 2, 2717869371705);
insert into evento_reposicao values (1625550139699, 2, 8888208809802, 'GLORY', '2022-12-02 15:11:31', 5, 5880934365457);
insert into evento_reposicao values (3759784226315, 3, 8888208809802, 'GLORY', '2022-04-03 14:05:05', 12, 5880934365457);
insert into evento_reposicao values (1555053245786, 4, 8888208809802, 'GLORY', '2023-07-11 15:02:32', 17, 5880934365457);
insert into evento_reposicao values (7813862519536, 5, 8888208809802, 'GLORY', '2022-04-08 17:48:17', 1, 5880934365457);
insert into evento_reposicao values (4087699796587, 1, 5348430509603, 'Fuji Electric', '2023-03-15 15:42:54', 10, 5126790930207);
insert into evento_reposicao values (7362307416070, 2, 5348430509603, 'Fuji Electric', '2023-01-09 17:05:39', 4, 5126790930207);
insert into evento_reposicao values (5947269556256, 4, 5348430509603, 'Fuji Electric', '2023-10-14 16:55:18', 9, 5126790930207);
insert into evento_reposicao values (7917634690250, 5, 5348430509603, 'Fuji Electric', '2022-12-08 16:09:18', 7, 5126790930207);
insert into evento_reposicao values (4364545572541, 1, 8888208809802, 'Fuji Electric', '2023-12-03 12:38:02', 14, 9425493289689);
insert into evento_reposicao values (5739588863582, 2, 8888208809802, 'Fuji Electric', '2023-06-04 13:43:58', 11, 9425493289689);
insert into evento_reposicao values (2505292620512, 3, 8888208809802, 'Fuji Electric', '2023-06-11 15:06:52', 11, 9425493289689);
insert into evento_reposicao values (3988656542326, 4, 8888208809802, 'Fuji Electric', '2022-06-09 15:27:17', 6, 9425493289689);
insert into evento_reposicao values (3418608887277, 5, 8888208809802, 'Fuji Electric', '2022-06-15 14:15:54', 10, 9425493289689);
insert into evento_reposicao values (8995534805862, 1, 7485419189999, 'GLORY', '2023-09-03 18:09:37', 4, 2771899030136);
insert into evento_reposicao values (8995534805862, 2, 7485419189999, 'GLORY', '2022-01-13 15:43:15', 10, 2771899030136);
insert into evento_reposicao values (3006258109754, 3, 7485419189999, 'GLORY', '2023-02-06 17:10:15', 6, 2771899030136);
insert into evento_reposicao values (8613107322864, 4, 7485419189999, 'GLORY', '2022-10-04 15:03:55', 1, 2771899030136);
insert into evento_reposicao values (5311121102624, 5, 7485419189999, 'GLORY', '2023-07-11 14:54:25', 18, 2771899030136);
insert into evento_reposicao values (4507514029325, 1, 8888208809802, 'Vending lda', '2022-09-04 17:09:30', 10, 9876543211111);
insert into evento_reposicao values (5701128114035, 3, 8888208809802, 'Vending lda', '2023-09-03 13:48:17', 9, 9876543211111);
insert into evento_reposicao values (4872647741072, 4, 8888208809802, 'Vending lda', '2022-06-07 17:31:40', 2, 9876543211111);
insert into evento_reposicao values (2284344530635, 5, 8888208809802, 'Vending lda', '2022-10-11 18:48:43', 10, 9876543211111);
insert into evento_reposicao values (5493181691267, 1, 9899990094627, 'Instant Foodies inc', '2023-08-08 12:49:42', 1, 7290903799810);
insert into evento_reposicao values (7862531865560, 4, 9899990094627, 'Instant Foodies inc', '2023-01-02 12:13:32', 11, 7290903799810);
insert into evento_reposicao values (4007856375212, 5, 9899990094627, 'Instant Foodies inc', '2022-06-02 14:17:22', 6, 7290903799810);
insert into evento_reposicao values (8870652112264, 1, 4574860484968, 'GLORY', '2023-04-06 13:35:40', 7, 6011158039898);
insert into evento_reposicao values (1468742349281, 5, 4574860484968, 'GLORY', '2022-08-11 13:57:16', 1, 6011158039898);
insert into evento_reposicao values (2888818377511, 1, 1994724148811, 'Fuji Electric', '2022-07-04 17:52:40', 22, 6787954950079);
insert into evento_reposicao values (5422437870366, 2, 1994724148811, 'Fuji Electric', '2023-10-10 14:51:51', 2, 6787954950079);
insert into evento_reposicao values (4116446086554, 3, 1994724148811, 'Fuji Electric', '2022-05-02 14:27:35', 5, 6787954950079);
insert into evento_reposicao values (2987948307130, 5, 1994724148811, 'Fuji Electric', '2022-05-14 14:35:52', 16, 6787954950079);
insert into evento_reposicao values (2419370101677, 1, 1994724148811, 'Vending lda', '2022-09-15 13:37:58', 12, 3915490959574);
insert into evento_reposicao values (5459415942837, 2, 1994724148811, 'Vending lda', '2022-05-09 17:18:24', 3, 3915490959574);
insert into evento_reposicao values (2573778806042, 3, 1994724148811, 'Vending lda', '2022-09-03 12:02:49', 11, 3915490959574);
insert into evento_reposicao values (0321302005519, 4, 1994724148811, 'Vending lda', '2023-08-01 16:29:02', 11, 3915490959574);
insert into evento_reposicao values (4176419843554, 5, 1994724148811, 'Vending lda', '2022-03-03 13:07:08', 12, 3915490959574);
insert into evento_reposicao values (4161276977659, 1, 3535073013679, 'Vending lda', '2023-07-06 12:59:14', 11, 5538346730286);
insert into evento_reposicao values (1970399813258, 2, 3535073013679, 'Vending lda', '2022-09-10 12:14:34', 4, 5538346730286);
insert into evento_reposicao values (5248846151702, 3, 3535073013679, 'Vending lda', '2023-01-09 16:32:32', 12, 5538346730286);
insert into evento_reposicao values (4161276977659, 4, 3535073013679, 'Vending lda', '2023-05-10 13:28:44', 4, 5538346730286);
insert into evento_reposicao values (1837598307905, 5, 3535073013679, 'Vending lda', '2023-11-08 18:32:08', 16, 5538346730286);
insert into evento_reposicao values (1085234046721, 1, 9899990094627, 'GLORY', '2022-07-06 18:01:44', 19, 2677939703594);
insert into evento_reposicao values (1943670441172, 2, 9899990094627, 'GLORY', '2022-02-14 16:40:31', 5, 2677939703594);
insert into evento_reposicao values (2360325987130, 3, 9899990094627, 'GLORY', '2022-08-13 18:08:32', 2, 2677939703594);
insert into evento_reposicao values (7867281547047, 4, 9899990094627, 'GLORY', '2022-05-13 16:16:06', 10, 2677939703594);
insert into evento_reposicao values (5243209551946, 5, 9899990094627, 'GLORY', '2022-11-03 13:15:40', 2, 2677939703594);
insert into evento_reposicao values (1625550139699, 1, 3535073013679, 'Instant Foodies inc', '2023-04-14 15:44:37', 7, 2378179048864);
insert into evento_reposicao values (8277017071665, 2, 3535073013679, 'Instant Foodies inc', '2022-01-11 14:52:20', 8, 2378179048864);
insert into evento_reposicao values (7862531865560, 3, 3535073013679, 'Instant Foodies inc', '2022-12-06 18:58:27', 11, 2378179048864);
insert into evento_reposicao values (2453609540508, 5, 3535073013679, 'Instant Foodies inc', '2023-05-12 12:23:30', 5, 2378179048864);
insert into evento_reposicao values (9972128589711, 1, 4961530410328, 'Vending lda', '2023-04-11 12:54:28', 10, 4788875231357);
insert into evento_reposicao values (5788004280332, 3, 4961530410328, 'Vending lda', '2022-07-10 18:11:06', 8, 4788875231357);
insert into evento_reposicao values (1111538823771, 4, 4961530410328, 'Vending lda', '2022-06-12 12:14:47', 7, 4788875231357);
insert into evento_reposicao values (4872647741072, 5, 4961530410328, 'Vending lda', '2022-06-01 12:19:59', 5, 4788875231357);
insert into evento_reposicao values (8533636365161, 1, 3535073013679, 'Fuji Electric', '2023-03-11 16:23:36', 9, 1769001928832);
insert into evento_reposicao values (8940554794292, 2, 3535073013679, 'Fuji Electric', '2022-05-06 14:32:32', 1, 1769001928832);
insert into evento_reposicao values (4161276977659, 3, 3535073013679, 'Fuji Electric', '2022-03-01 15:56:28', 15, 1769001928832);
insert into evento_reposicao values (8995534805862, 4, 3535073013679, 'Fuji Electric', '2023-04-01 12:17:14', 5, 1769001928832);
insert into evento_reposicao values (7867281547047, 5, 3535073013679, 'Fuji Electric', '2023-09-05 17:48:49', 3, 1769001928832);
insert into evento_reposicao values (1625550139699, 1, 8888208809802, 'Instant Foodies inc', '2023-05-03 17:33:38', 3, 1132877923583);
insert into evento_reposicao values (6471869716982, 2, 8888208809802, 'Instant Foodies inc', '2023-08-04 14:07:21', 16, 1132877923583);
insert into evento_reposicao values (4363392137051, 3, 8888208809802, 'Instant Foodies inc', '2022-01-09 17:37:02', 4, 1132877923583);
insert into evento_reposicao values (1415920407258, 4, 8888208809802, 'Instant Foodies inc', '2022-05-06 12:53:07', 3, 1132877923583);
insert into evento_reposicao values (1388502170230, 5, 8888208809802, 'Instant Foodies inc', '2023-06-03 18:12:15', 5, 1132877923583);
insert into evento_reposicao values (3345786165241, 1, 5348430509603, 'Instant Foodies inc', '2023-04-11 14:35:36', 14, 4605211128102);
insert into evento_reposicao values (8421250231352, 2, 5348430509603, 'Instant Foodies inc', '2022-06-09 14:25:17', 9, 4605211128102);
insert into evento_reposicao values (2573778806042, 3, 5348430509603, 'Instant Foodies inc', '2023-03-04 18:32:52', 13, 4605211128102);
insert into evento_reposicao values (3507797043457, 4, 5348430509603, 'Instant Foodies inc', '2023-08-10 16:07:34', 23, 4605211128102);
insert into evento_reposicao values (2512806864646, 5, 5348430509603, 'Instant Foodies inc', '2023-12-01 12:03:28', 1, 4605211128102);
insert into evento_reposicao values (1746191137346, 1, 4574860484968, 'Instant Foodies inc', '2022-07-10 14:44:21', 4, 3417630879649);
insert into evento_reposicao values (1415920407258, 2, 4574860484968, 'Instant Foodies inc', '2022-02-03 18:13:24', 5, 3417630879649);
insert into evento_reposicao values (2972633052179, 3, 4574860484968, 'Instant Foodies inc', '2023-07-07 16:52:08', 16, 3417630879649);
insert into evento_reposicao values (7940229787025, 4, 4574860484968, 'Instant Foodies inc', '2023-10-08 13:26:42', 6, 3417630879649);
insert into evento_reposicao values (0321302005519, 5, 4574860484968, 'Instant Foodies inc', '2022-04-13 13:38:33', 6, 3417630879649);
insert into evento_reposicao values (6347772554585, 2, 1994724148811, 'Azkoyen Group', '2023-06-05 18:51:46', 14, 8846259194266);
insert into evento_reposicao values (2149472099442, 3, 1994724148811, 'Azkoyen Group', '2022-03-05 13:28:52', 7, 8846259194266);
insert into evento_reposicao values (2284344530635, 4, 1994724148811, 'Azkoyen Group', '2023-11-01 18:42:15', 17, 8846259194266);
insert into evento_reposicao values (8940554794292, 5, 1994724148811, 'Azkoyen Group', '2022-11-02 18:25:14', 5, 8846259194266);
insert into evento_reposicao values (1961762608074, 1, 4961530410328, 'Fuji Electric', '2022-10-13 15:32:33', 9, 7825838411766);
insert into evento_reposicao values (5311121102624, 2, 4961530410328, 'Fuji Electric', '2023-10-10 15:18:05', 12, 7825838411766);
insert into evento_reposicao values (7940229787025, 3, 4961530410328, 'Fuji Electric', '2022-07-15 17:32:58', 3, 7825838411766);
insert into evento_reposicao values (1517011948532, 4, 4961530410328, 'Fuji Electric', '2022-11-01 14:19:56', 4, 7825838411766);
insert into evento_reposicao values (3892977199091, 5, 4961530410328, 'Fuji Electric', '2023-07-03 18:12:45', 2, 7825838411766);
insert into evento_reposicao values (4363392137051, 1, 4574860484968, 'Fuji Electric', '2022-02-07 17:05:51', 2, 8416517046952);
insert into evento_reposicao values (8519339191682, 2, 4574860484968, 'Fuji Electric', '2023-01-03 17:42:17', 3, 8416517046952);
insert into evento_reposicao values (5422437870366, 3, 4574860484968, 'Fuji Electric', '2022-03-05 16:30:02', 9, 8416517046952);
insert into evento_reposicao values (7862531865560, 4, 4574860484968, 'Fuji Electric', '2022-12-06 13:45:08', 6, 8416517046952);
insert into evento_reposicao values (4116446086554, 5, 4574860484968, 'Fuji Electric', '2023-01-11 16:47:42', 22, 8416517046952);
insert into evento_reposicao values (3410536415212, 1, 4961530410328, 'Azkoyen Group', '2022-07-06 18:54:47', 21, 9281061801443);
insert into evento_reposicao values (3507797043457, 2, 4961530410328, 'Azkoyen Group', '2023-06-10 12:47:54', 6, 9281061801443);
insert into evento_reposicao values (2419370101677, 3, 4961530410328, 'Azkoyen Group', '2023-01-06 16:46:51', 17, 9281061801443);
insert into evento_reposicao values (7813862519536, 4, 4961530410328, 'Azkoyen Group', '2022-09-03 14:05:44', 15, 9281061801443);
insert into evento_reposicao values (9309433720727, 5, 4961530410328, 'Azkoyen Group', '2023-10-08 13:27:02', 4, 9281061801443);
insert into evento_reposicao values (8951474757057, 1, 9099724688753, 'Instant Foodies inc', '2022-06-03 18:44:35', 5, 1893660950613);
insert into evento_reposicao values (2510353769360, 2, 9099724688753, 'Instant Foodies inc', '2023-12-14 17:15:50', 7, 1893660950613);
insert into evento_reposicao values (1970399813258, 3, 9099724688753, 'Instant Foodies inc', '2023-05-07 13:20:08', 2, 1893660950613);
insert into evento_reposicao values (2340891527939, 4, 9099724688753, 'Instant Foodies inc', '2022-06-09 17:16:38', 3, 1893660950613);
insert into evento_reposicao values (1837598307905, 5, 9099724688753, 'Instant Foodies inc', '2023-08-10 13:07:37', 29, 1893660950613);
insert into evento_reposicao values (2888818377511, 1, 9899990094627, 'Fuji Electric', '2022-12-05 17:25:16', 2, 9636314992455);
insert into evento_reposicao values (1786796992737, 2, 9899990094627, 'Fuji Electric', '2022-03-10 18:40:05', 2, 9636314992455);
insert into evento_reposicao values (3006258109754, 3, 9899990094627, 'Fuji Electric', '2022-06-12 16:04:25', 4, 9636314992455);
insert into evento_reposicao values (5778006673339, 4, 9899990094627, 'Fuji Electric', '2022-03-05 17:18:12', 12, 9636314992455);
insert into evento_reposicao values (3125750693139, 5, 9899990094627, 'Fuji Electric', '2023-07-07 15:15:47', 13, 9636314992455);
insert into evento_reposicao values (4872647741072, 1, 9099724688753, 'Fuji Electric', '2022-04-04 15:32:22', 4, 1048025576912);
insert into evento_reposicao values (2888818377511, 2, 9099724688753, 'Fuji Electric', '2023-05-04 14:51:16', 7, 1048025576912);
insert into evento_reposicao values (2453609540508, 3, 9099724688753, 'Fuji Electric', '2022-02-12 15:19:50', 16, 1048025576912);
insert into evento_reposicao values (3988656542326, 4, 9099724688753, 'Fuji Electric', '2023-02-10 12:40:24', 11, 1048025576912);
insert into evento_reposicao values (4120646065829, 5, 9099724688753, 'Fuji Electric', '2023-01-15 16:07:29', 1, 1048025576912);
insert into evento_reposicao values (7436239398082, 1, 7462252893192, 'Fuji Electric', '2022-11-05 16:28:11', 2, 3770978070948);
insert into evento_reposicao values (7362307416070, 2, 7462252893192, 'Fuji Electric', '2022-02-15 18:41:33', 17, 3770978070948);
insert into evento_reposicao values (6933349746483, 3, 7462252893192, 'Fuji Electric', '2022-11-15 15:54:40', 2, 3770978070948);
insert into evento_reposicao values (8421250231352, 4, 7462252893192, 'Fuji Electric', '2023-11-13 12:51:14', 1, 3770978070948);
insert into evento_reposicao values (7154465797509, 5, 7462252893192, 'Fuji Electric', '2022-04-01 18:44:03', 1, 3770978070948);
insert into evento_reposicao values (1767913590362, 1, 7462252893192, 'Azkoyen Group', '2022-12-03 15:08:41', 2, 8978167380044);
insert into evento_reposicao values (7403498365885, 2, 7462252893192, 'Azkoyen Group', '2023-09-07 17:12:40', 16, 8978167380044);
insert into evento_reposicao values (5603455607276, 3, 7462252893192, 'Azkoyen Group', '2022-06-14 12:15:35', 14, 8978167380044);
insert into evento_reposicao values (1625550139699, 4, 7462252893192, 'Azkoyen Group', '2023-06-03 14:33:05', 1, 8978167380044);
insert into evento_reposicao values (1588368862294, 5, 7462252893192, 'Azkoyen Group', '2022-05-15 14:50:24', 6, 8978167380044);
insert into evento_reposicao values (7362307416070, 2, 3535073013679, 'Azkoyen Group', '2022-02-13 15:22:57', 8, 2982545428332);
insert into evento_reposicao values (4176419843554, 3, 3535073013679, 'Azkoyen Group', '2023-05-03 16:22:16', 15, 2982545428332);
insert into evento_reposicao values (3004067520289, 4, 3535073013679, 'Azkoyen Group', '2022-10-10 13:57:55', 2, 2982545428332);
insert into evento_reposicao values (5739588863582, 5, 3535073013679, 'Azkoyen Group', '2022-07-03 13:38:14', 3, 2982545428332);
insert into evento_reposicao values (7813862519536, 1, 9099724688753, 'GLORY', '2023-11-13 17:56:20', 14, 3529102244786);
insert into evento_reposicao values (2505292620512, 3, 9099724688753, 'GLORY', '2022-11-01 14:10:49', 2, 3529102244786);
insert into evento_reposicao values (9584833690590, 4, 9099724688753, 'GLORY', '2023-07-10 14:30:13', 2, 3529102244786);
insert into evento_reposicao values (4007856375212, 5, 9099724688753, 'GLORY', '2023-04-12 14:11:58', 11, 3529102244786);
insert into evento_reposicao values (5775680912367, 1, 9899990094627, 'Azkoyen Group', '2023-09-12 16:01:12', 16, 9087042596230);
insert into evento_reposicao values (5778006673339, 2, 9899990094627, 'Azkoyen Group', '2022-02-07 18:21:45', 19, 9087042596230);
insert into evento_reposicao values (8030185700094, 4, 9899990094627, 'Azkoyen Group', '2023-04-01 12:23:48', 2, 9087042596230);
insert into evento_reposicao values (1071900184324, 5, 9899990094627, 'Azkoyen Group', '2023-07-04 17:09:27', 1, 9087042596230);
insert into evento_reposicao values (4773510772361, 1, 9099724688753, 'Azkoyen Group', '2023-08-13 14:14:57', 16, 2717869371705);
insert into evento_reposicao values (2888818377511, 2, 9099724688753, 'Azkoyen Group', '2023-10-01 13:30:23', 21, 2717869371705);
insert into evento_reposicao values (1943670441172, 3, 9099724688753, 'Azkoyen Group', '2022-08-01 18:38:34', 3, 2717869371705);
insert into evento_reposicao values (2284344530635, 4, 9099724688753, 'Azkoyen Group', '2023-09-13 18:26:24', 14, 2717869371705);
insert into evento_reposicao values (9148643601559, 5, 9099724688753, 'Azkoyen Group', '2022-08-08 14:33:12', 2, 2717869371705);
insert into evento_reposicao values (1388502170230, 1, 8888208809802, 'GLORY', '2023-11-05 16:25:12', 13, 5880934365457);
insert into evento_reposicao values (1625550139699, 2, 8888208809802, 'GLORY', '2023-08-05 16:21:24', 1, 5880934365457);
insert into evento_reposicao values (3759784226315, 3, 8888208809802, 'GLORY', '2023-09-05 16:55:24', 13, 5880934365457);
insert into evento_reposicao values (1555053245786, 4, 8888208809802, 'GLORY', '2022-04-15 14:08:39', 12, 5880934365457);
insert into evento_reposicao values (7813862519536, 5, 8888208809802, 'GLORY', '2022-08-02 12:06:53', 4, 5880934365457);
insert into evento_reposicao values (7362307416070, 2, 5348430509603, 'Fuji Electric', '2023-10-01 16:30:46', 2, 5126790930207);
insert into evento_reposicao values (8450196743835, 3, 5348430509603, 'Fuji Electric', '2022-07-09 12:56:08', 4, 5126790930207);
insert into evento_reposicao values (5947269556256, 4, 5348430509603, 'Fuji Electric', '2022-03-14 12:07:43', 10, 5126790930207);
insert into evento_reposicao values (7917634690250, 5, 5348430509603, 'Fuji Electric', '2022-04-11 12:06:03', 1, 5126790930207);
insert into evento_reposicao values (4364545572541, 1, 8888208809802, 'Fuji Electric', '2022-12-07 14:04:30', 4, 9425493289689);
insert into evento_reposicao values (5739588863582, 2, 8888208809802, 'Fuji Electric', '2023-08-10 15:08:09', 6, 9425493289689);
insert into evento_reposicao values (2505292620512, 3, 8888208809802, 'Fuji Electric', '2023-11-04 15:24:33', 7, 9425493289689);
insert into evento_reposicao values (3988656542326, 4, 8888208809802, 'Fuji Electric', '2023-04-02 14:49:56', 6, 9425493289689);
insert into evento_reposicao values (3418608887277, 5, 8888208809802, 'Fuji Electric', '2023-02-15 14:09:10', 12, 9425493289689);
insert into evento_reposicao values (8995534805862, 1, 7485419189999, 'GLORY', '2023-06-02 12:37:39', 2, 2771899030136);
insert into evento_reposicao values (8995534805862, 2, 7485419189999, 'GLORY', '2022-10-03 18:57:40', 13, 2771899030136);
insert into evento_reposicao values (4507514029325, 1, 8888208809802, 'Vending lda', '2022-03-10 16:59:05', 5, 9876543211111);
insert into evento_reposicao values (6514243268757, 2, 8888208809802, 'Vending lda', '2023-04-07 12:01:36', 6, 9876543211111);
insert into evento_reposicao values (4872647741072, 4, 8888208809802, 'Vending lda', '2022-11-12 18:02:47', 6, 9876543211111);
insert into evento_reposicao values (2284344530635, 5, 8888208809802, 'Vending lda', '2022-01-15 15:25:55', 13, 9876543211111);
insert into evento_reposicao values (5493181691267, 1, 9899990094627, 'Instant Foodies inc', '2022-01-05 12:07:02', 3, 7290903799810);
insert into evento_reposicao values (2284344530635, 2, 9899990094627, 'Instant Foodies inc', '2022-11-14 15:51:54', 13, 7290903799810);
insert into evento_reposicao values (1675328415728, 3, 9899990094627, 'Instant Foodies inc', '2023-03-08 14:49:16', 8, 7290903799810);
insert into evento_reposicao values (7862531865560, 4, 9899990094627, 'Instant Foodies inc', '2022-06-04 13:20:30', 12, 7290903799810);
insert into evento_reposicao values (4007856375212, 5, 9899990094627, 'Instant Foodies inc', '2023-11-02 17:36:37', 3, 7290903799810);
insert into evento_reposicao values (8870652112264, 1, 4574860484968, 'GLORY', '2023-01-11 17:14:25', 16, 6011158039898);
insert into evento_reposicao values (6832765095131, 2, 4574860484968, 'GLORY', '2022-06-10 16:42:44', 2, 6011158039898);
insert into evento_reposicao values (3410536415212, 3, 4574860484968, 'GLORY', '2023-05-07 17:42:52', 1, 6011158039898);
insert into evento_reposicao values (5493181691267, 4, 4574860484968, 'GLORY', '2022-04-15 12:16:24', 6, 6011158039898);
insert into evento_reposicao values (1468742349281, 5, 4574860484968, 'GLORY', '2023-01-11 13:02:28', 6, 6011158039898);
insert into evento_reposicao values (2888818377511, 1, 1994724148811, 'Fuji Electric', '2022-04-01 15:43:06', 7, 6787954950079);
insert into evento_reposicao values (5422437870366, 2, 1994724148811, 'Fuji Electric', '2023-11-09 17:18:05', 1, 6787954950079);
insert into evento_reposicao values (4116446086554, 3, 1994724148811, 'Fuji Electric', '2023-04-07 17:29:14', 10, 6787954950079);
insert into evento_reposicao values (1085234046721, 4, 1994724148811, 'Fuji Electric', '2023-11-05 15:22:38', 3, 6787954950079);
insert into evento_reposicao values (2987948307130, 5, 1994724148811, 'Fuji Electric', '2023-07-06 13:18:29', 10, 6787954950079);
insert into evento_reposicao values (2419370101677, 1, 1994724148811, 'Vending lda', '2022-06-08 13:04:34', 23, 3915490959574);
insert into evento_reposicao values (5459415942837, 2, 1994724148811, 'Vending lda', '2023-09-09 17:45:15', 6, 3915490959574);
insert into evento_reposicao values (2573778806042, 3, 1994724148811, 'Vending lda', '2022-06-13 13:24:32', 13, 3915490959574);
insert into evento_reposicao values (0321302005519, 4, 1994724148811, 'Vending lda', '2022-09-13 15:49:55', 1, 3915490959574);
insert into evento_reposicao values (4176419843554, 5, 1994724148811, 'Vending lda', '2022-10-13 15:48:28', 21, 3915490959574);
insert into evento_reposicao values (4161276977659, 1, 3535073013679, 'Vending lda', '2023-11-03 18:55:58', 2, 5538346730286);
insert into evento_reposicao values (1970399813258, 2, 3535073013679, 'Vending lda', '2023-04-11 14:18:18', 2, 5538346730286);
insert into evento_reposicao values (5248846151702, 3, 3535073013679, 'Vending lda', '2022-02-05 17:16:54', 19, 5538346730286);
insert into evento_reposicao values (4161276977659, 4, 3535073013679, 'Vending lda', '2023-12-10 14:53:17', 2, 5538346730286);
insert into evento_reposicao values (1837598307905, 5, 3535073013679, 'Vending lda', '2023-12-12 16:45:33', 24, 5538346730286);
insert into evento_reposicao values (1085234046721, 1, 9899990094627, 'GLORY', '2022-11-01 12:38:41', 8, 2677939703594);
insert into evento_reposicao values (1943670441172, 2, 9899990094627, 'GLORY', '2023-12-07 16:19:42', 14, 2677939703594);
insert into evento_reposicao values (2360325987130, 3, 9899990094627, 'GLORY', '2022-06-08 16:37:27', 5, 2677939703594);
insert into evento_reposicao values (7867281547047, 4, 9899990094627, 'GLORY', '2023-11-03 18:04:09', 29, 2677939703594);
insert into evento_reposicao values (5243209551946, 5, 9899990094627, 'GLORY', '2022-05-09 13:06:46', 2, 2677939703594);
insert into evento_reposicao values (8277017071665, 2, 3535073013679, 'Instant Foodies inc', '2022-11-11 12:17:30', 2, 2378179048864);
insert into evento_reposicao values (6347772554585, 4, 3535073013679, 'Instant Foodies inc', '2023-05-09 13:05:09', 2, 2378179048864);
insert into evento_reposicao values (2453609540508, 5, 3535073013679, 'Instant Foodies inc', '2023-07-02 17:48:01', 6, 2378179048864);
insert into evento_reposicao values (9972128589711, 1, 4961530410328, 'Vending lda', '2023-07-14 12:13:36', 22, 4788875231357);
insert into evento_reposicao values (5344744972884, 2, 4961530410328, 'Vending lda', '2023-05-09 13:20:10', 3, 4788875231357);
insert into evento_reposicao values (5788004280332, 3, 4961530410328, 'Vending lda', '2023-05-12 15:04:37', 3, 4788875231357);
insert into evento_reposicao values (1111538823771, 4, 4961530410328, 'Vending lda', '2022-12-09 16:49:17', 2, 4788875231357);
insert into evento_reposicao values (4872647741072, 5, 4961530410328, 'Vending lda', '2023-12-13 13:08:50', 3, 4788875231357);
insert into evento_reposicao values (8533636365161, 1, 3535073013679, 'Fuji Electric', '2023-11-11 16:09:06', 8, 1769001928832);
insert into evento_reposicao values (8940554794292, 2, 3535073013679, 'Fuji Electric', '2023-07-05 14:59:54', 4, 1769001928832);
insert into evento_reposicao values (4161276977659, 3, 3535073013679, 'Fuji Electric', '2023-08-15 18:37:04', 18, 1769001928832);
insert into evento_reposicao values (8995534805862, 4, 3535073013679, 'Fuji Electric', '2023-12-01 17:38:27', 3, 1769001928832);
insert into evento_reposicao values (7867281547047, 5, 3535073013679, 'Fuji Electric', '2023-10-11 17:28:49', 3, 1769001928832);
insert into evento_reposicao values (1625550139699, 1, 8888208809802, 'Instant Foodies inc', '2022-12-07 14:50:14', 5, 1132877923583);
insert into evento_reposicao values (6471869716982, 2, 8888208809802, 'Instant Foodies inc', '2022-10-10 18:05:41', 19, 1132877923583);
insert into evento_reposicao values (4363392137051, 3, 8888208809802, 'Instant Foodies inc', '2023-03-10 13:09:39', 1, 1132877923583);
insert into evento_reposicao values (1415920407258, 4, 8888208809802, 'Instant Foodies inc', '2023-12-06 18:19:31', 4, 1132877923583);
insert into evento_reposicao values (1388502170230, 5, 8888208809802, 'Instant Foodies inc', '2023-12-13 14:14:57', 3, 1132877923583);
insert into evento_reposicao values (3345786165241, 1, 5348430509603, 'Instant Foodies inc', '2022-03-06 14:56:49', 11, 4605211128102);
insert into evento_reposicao values (2573778806042, 3, 5348430509603, 'Instant Foodies inc', '2022-12-03 13:36:55', 7, 4605211128102);
insert into evento_reposicao values (3507797043457, 4, 5348430509603, 'Instant Foodies inc', '2023-07-13 17:11:06', 19, 4605211128102);
insert into evento_reposicao values (2512806864646, 5, 5348430509603, 'Instant Foodies inc', '2022-05-05 17:22:44', 3, 4605211128102);
insert into evento_reposicao values (1746191137346, 1, 4574860484968, 'Instant Foodies inc', '2023-08-03 16:07:49', 7, 3417630879649);
insert into evento_reposicao values (2972633052179, 3, 4574860484968, 'Instant Foodies inc', '2022-04-13 18:32:16', 26, 3417630879649);
insert into evento_reposicao values (7940229787025, 4, 4574860484968, 'Instant Foodies inc', '2022-08-09 14:28:05', 1, 3417630879649);
insert into evento_reposicao values (0321302005519, 5, 4574860484968, 'Instant Foodies inc', '2023-07-01 13:15:36', 4, 3417630879649);
insert into evento_reposicao values (6347772554585, 2, 1994724148811, 'Azkoyen Group', '2023-09-15 17:38:36', 18, 8846259194266);
insert into evento_reposicao values (2284344530635, 4, 1994724148811, 'Azkoyen Group', '2022-06-09 14:06:18', 24, 8846259194266);
insert into evento_reposicao values (8940554794292, 5, 1994724148811, 'Azkoyen Group', '2023-05-12 17:07:56', 1, 8846259194266);
insert into evento_reposicao values (1961762608074, 1, 4961530410328, 'Fuji Electric', '2023-10-08 13:18:51', 2, 7825838411766);
insert into evento_reposicao values (5311121102624, 2, 4961530410328, 'Fuji Electric', '2022-10-02 14:30:30', 21, 7825838411766);
insert into evento_reposicao values (7940229787025, 3, 4961530410328, 'Fuji Electric', '2022-12-11 18:32:55', 2, 7825838411766);
insert into evento_reposicao values (1517011948532, 4, 4961530410328, 'Fuji Electric', '2023-07-13 14:11:52', 15, 7825838411766);
insert into evento_reposicao values (3892977199091, 5, 4961530410328, 'Fuji Electric', '2022-06-01 14:27:02', 3, 7825838411766);
insert into evento_reposicao values (4363392137051, 1, 4574860484968, 'Fuji Electric', '2023-09-04 14:10:56', 12, 8416517046952);
insert into evento_reposicao values (8519339191682, 2, 4574860484968, 'Fuji Electric', '2023-12-08 13:02:30', 3, 8416517046952);
insert into evento_reposicao values (5422437870366, 3, 4574860484968, 'Fuji Electric', '2022-03-13 14:35:51', 9, 8416517046952);
insert into evento_reposicao values (7862531865560, 4, 4574860484968, 'Fuji Electric', '2022-02-02 13:21:06', 2, 8416517046952);
insert into evento_reposicao values (4116446086554, 5, 4574860484968, 'Fuji Electric', '2022-04-06 14:08:14', 11, 8416517046952);
insert into evento_reposicao values (3410536415212, 1, 4961530410328, 'Azkoyen Group', '2022-02-10 18:19:28', 6, 9281061801443);
insert into evento_reposicao values (3507797043457, 2, 4961530410328, 'Azkoyen Group', '2023-05-02 17:58:35', 6, 9281061801443);
insert into evento_reposicao values (2419370101677, 3, 4961530410328, 'Azkoyen Group', '2023-01-14 16:52:37', 8, 9281061801443);
insert into evento_reposicao values (7813862519536, 4, 4961530410328, 'Azkoyen Group', '2022-07-07 14:37:53', 19, 9281061801443);
insert into evento_reposicao values (9309433720727, 5, 4961530410328, 'Azkoyen Group', '2023-01-07 16:07:29', 3, 9281061801443);
insert into evento_reposicao values (8951474757057, 1, 9099724688753, 'Instant Foodies inc', '2023-09-06 16:04:30', 2, 1893660950613);
insert into evento_reposicao values (2510353769360, 2, 9099724688753, 'Instant Foodies inc', '2022-07-04 14:04:35', 7, 1893660950613);
insert into evento_reposicao values (1970399813258, 3, 9099724688753, 'Instant Foodies inc', '2023-01-13 16:41:02', 6, 1893660950613);
insert into evento_reposicao values (1837598307905, 5, 9099724688753, 'Instant Foodies inc', '2022-05-09 15:35:06', 27, 1893660950613);
insert into evento_reposicao values (2888818377511, 1, 9899990094627, 'Fuji Electric', '2023-09-07 17:40:13', 9, 9636314992455);
insert into evento_reposicao values (1786796992737, 2, 9899990094627, 'Fuji Electric', '2023-01-11 15:46:12', 3, 9636314992455);
insert into evento_reposicao values (3006258109754, 3, 9899990094627, 'Fuji Electric', '2023-12-11 15:49:09', 7, 9636314992455);
insert into evento_reposicao values (4872647741072, 1, 9099724688753, 'Fuji Electric', '2023-02-07 16:26:47', 1, 1048025576912);
insert into evento_reposicao values (2888818377511, 2, 9099724688753, 'Fuji Electric', '2023-11-13 16:51:33', 11, 1048025576912);
insert into evento_reposicao values (2453609540508, 3, 9099724688753, 'Fuji Electric', '2022-08-01 16:17:08', 5, 1048025576912);
insert into evento_reposicao values (3988656542326, 4, 9099724688753, 'Fuji Electric', '2023-07-05 18:17:46', 17, 1048025576912);
insert into evento_reposicao values (4120646065829, 5, 9099724688753, 'Fuji Electric', '2023-02-08 14:29:37', 21, 1048025576912);
insert into evento_reposicao values (7436239398082, 1, 7462252893192, 'Fuji Electric', '2022-07-14 17:04:20', 2, 3770978070948);
insert into evento_reposicao values (7362307416070, 2, 7462252893192, 'Fuji Electric', '2023-01-15 17:33:43', 3, 3770978070948);
insert into evento_reposicao values (6933349746483, 3, 7462252893192, 'Fuji Electric', '2022-02-13 18:52:09', 5, 3770978070948);
insert into evento_reposicao values (8421250231352, 4, 7462252893192, 'Fuji Electric', '2023-11-13 13:52:54', 1, 3770978070948);
insert into evento_reposicao values (7154465797509, 5, 7462252893192, 'Fuji Electric', '2022-02-10 14:37:15', 1, 3770978070948);
insert into evento_reposicao values (1767913590362, 1, 7462252893192, 'Azkoyen Group', '2022-11-02 14:31:52', 4, 8978167380044);
insert into evento_reposicao values (7403498365885, 2, 7462252893192, 'Azkoyen Group', '2023-11-01 14:49:39', 14, 8978167380044);
insert into evento_reposicao values (5603455607276, 3, 7462252893192, 'Azkoyen Group', '2022-02-13 14:12:19', 18, 8978167380044);
insert into evento_reposicao values (1625550139699, 4, 7462252893192, 'Azkoyen Group', '2023-07-04 15:14:54', 4, 8978167380044);
insert into evento_reposicao values (1588368862294, 5, 7462252893192, 'Azkoyen Group', '2023-10-09 15:30:48', 6, 8978167380044);
insert into evento_reposicao values (8118918266130, 1, 3535073013679, 'Azkoyen Group', '2022-04-14 12:54:27', 6, 2982545428332);
insert into evento_reposicao values (7362307416070, 2, 3535073013679, 'Azkoyen Group', '2022-01-13 13:54:24', 20, 2982545428332);
insert into evento_reposicao values (4176419843554, 3, 3535073013679, 'Azkoyen Group', '2022-06-01 17:17:43', 5, 2982545428332);
insert into evento_reposicao values (3004067520289, 4, 3535073013679, 'Azkoyen Group', '2022-05-15 14:55:44', 3, 2982545428332);
insert into evento_reposicao values (7813862519536, 1, 9099724688753, 'GLORY', '2022-11-06 15:48:39', 10, 3529102244786);
insert into evento_reposicao values (5932150501379, 2, 9099724688753, 'GLORY', '2022-02-09 15:10:40', 1, 3529102244786);
insert into evento_reposicao values (2505292620512, 3, 9099724688753, 'GLORY', '2023-07-02 13:48:08', 1, 3529102244786);
insert into evento_reposicao values (9584833690590, 4, 9099724688753, 'GLORY', '2023-09-15 18:06:07', 10, 3529102244786);
insert into evento_reposicao values (4007856375212, 5, 9099724688753, 'GLORY', '2022-06-12 14:39:32', 1, 3529102244786);
insert into evento_reposicao values (5775680912367, 1, 9899990094627, 'Azkoyen Group', '2022-03-14 16:51:06', 3, 9087042596230);
insert into evento_reposicao values (5778006673339, 2, 9899990094627, 'Azkoyen Group', '2023-04-13 18:08:14', 8, 9087042596230);
insert into evento_reposicao values (9056373519185, 3, 9899990094627, 'Azkoyen Group', '2022-12-03 14:33:08', 1, 9087042596230);
insert into evento_reposicao values (8030185700094, 4, 9899990094627, 'Azkoyen Group', '2022-05-02 16:38:23', 3, 9087042596230);
insert into evento_reposicao values (4773510772361, 1, 9099724688753, 'Azkoyen Group', '2022-10-09 14:36:51', 17, 2717869371705);
insert into evento_reposicao values (2888818377511, 2, 9099724688753, 'Azkoyen Group', '2022-11-01 15:06:48', 19, 2717869371705);
insert into evento_reposicao values (1943670441172, 3, 9099724688753, 'Azkoyen Group', '2023-03-01 18:38:01', 2, 2717869371705);
insert into evento_reposicao values (2284344530635, 4, 9099724688753, 'Azkoyen Group', '2023-11-07 16:05:03', 5, 2717869371705);
insert into evento_reposicao values (9148643601559, 5, 9099724688753, 'Azkoyen Group', '2022-04-11 12:35:16', 3, 2717869371705);
insert into evento_reposicao values (1388502170230, 1, 8888208809802, 'GLORY', '2022-01-07 13:35:10', 23, 5880934365457);
insert into evento_reposicao values (1625550139699, 2, 8888208809802, 'GLORY', '2023-04-03 12:24:11', 2, 5880934365457);
insert into evento_reposicao values (3759784226315, 3, 8888208809802, 'GLORY', '2022-02-11 14:47:36', 9, 5880934365457);
insert into evento_reposicao values (1555053245786, 4, 8888208809802, 'GLORY', '2023-05-02 18:31:35', 12, 5880934365457);
insert into evento_reposicao values (7813862519536, 5, 8888208809802, 'GLORY', '2023-07-08 14:46:24', 9, 5880934365457);
insert into evento_reposicao values (4087699796587, 1, 5348430509603, 'Fuji Electric', '2023-01-02 16:44:54', 7, 5126790930207);
insert into evento_reposicao values (7362307416070, 2, 5348430509603, 'Fuji Electric', '2023-04-15 14:22:14', 1, 5126790930207);
insert into evento_reposicao values (8450196743835, 3, 5348430509603, 'Fuji Electric', '2023-01-03 17:08:34', 3, 5126790930207);
insert into evento_reposicao values (5947269556256, 4, 5348430509603, 'Fuji Electric', '2023-10-12 17:54:57', 9, 5126790930207);
insert into evento_reposicao values (7917634690250, 5, 5348430509603, 'Fuji Electric', '2022-05-07 15:54:18', 4, 5126790930207);
insert into evento_reposicao values (4364545572541, 1, 8888208809802, 'Fuji Electric', '2023-05-12 16:07:20', 2, 9425493289689);
insert into evento_reposicao values (5739588863582, 2, 8888208809802, 'Fuji Electric', '2022-02-13 15:03:15', 21, 9425493289689);
insert into evento_reposicao values (2505292620512, 3, 8888208809802, 'Fuji Electric', '2023-10-11 18:40:54', 10, 9425493289689);
insert into evento_reposicao values (3988656542326, 4, 8888208809802, 'Fuji Electric', '2022-06-13 14:21:52', 2, 9425493289689);
insert into evento_reposicao values (3418608887277, 5, 8888208809802, 'Fuji Electric', '2022-07-10 16:31:32', 6, 9425493289689);
insert into evento_reposicao values (8995534805862, 1, 7485419189999, 'GLORY', '2023-06-14 18:08:28', 2, 2771899030136);
insert into evento_reposicao values (8995534805862, 2, 7485419189999, 'GLORY', '2022-06-13 13:52:30', 2, 2771899030136);
insert into evento_reposicao values (3006258109754, 3, 7485419189999, 'GLORY', '2022-02-13 13:42:30', 12, 2771899030136);
insert into evento_reposicao values (8613107322864, 4, 7485419189999, 'GLORY', '2022-09-11 14:01:11', 12, 2771899030136);
insert into evento_reposicao values (5311121102624, 5, 7485419189999, 'GLORY', '2023-11-05 13:20:56', 8, 2771899030136);
insert into evento_reposicao values (4507514029325, 1, 8888208809802, 'Vending lda', '2023-01-08 12:35:04', 10, 9876543211111);
insert into evento_reposicao values (6514243268757, 2, 8888208809802, 'Vending lda', '2023-05-08 15:59:29', 2, 9876543211111);
insert into evento_reposicao values (5701128114035, 3, 8888208809802, 'Vending lda', '2023-09-14 13:10:50', 5, 9876543211111);
insert into evento_reposicao values (4872647741072, 4, 8888208809802, 'Vending lda', '2022-09-04 17:38:24', 1, 9876543211111);
insert into evento_reposicao values (2284344530635, 5, 8888208809802, 'Vending lda', '2022-04-14 14:51:07', 12, 9876543211111);
insert into evento_reposicao values (5493181691267, 1, 9899990094627, 'Instant Foodies inc', '2023-08-03 17:17:44', 6, 7290903799810);
insert into evento_reposicao values (1675328415728, 3, 9899990094627, 'Instant Foodies inc', '2023-07-06 16:24:37', 1, 7290903799810);
insert into evento_reposicao values (7862531865560, 4, 9899990094627, 'Instant Foodies inc', '2022-11-04 16:29:01', 4, 7290903799810);
insert into evento_reposicao values (4007856375212, 5, 9899990094627, 'Instant Foodies inc', '2022-01-05 16:37:43', 5, 7290903799810);
insert into evento_reposicao values (8870652112264, 1, 4574860484968, 'GLORY', '2023-01-03 13:52:15', 31, 6011158039898);
insert into evento_reposicao values (3410536415212, 3, 4574860484968, 'GLORY', '2022-09-05 13:47:24', 11, 6011158039898);
insert into evento_reposicao values (5493181691267, 4, 4574860484968, 'GLORY', '2023-11-11 14:55:32', 11, 6011158039898);
insert into evento_reposicao values (1468742349281, 5, 4574860484968, 'GLORY', '2022-12-04 15:55:57', 4, 6011158039898);
insert into evento_reposicao values (2888818377511, 1, 1994724148811, 'Fuji Electric', '2023-12-12 15:20:44', 3, 6787954950079);
insert into evento_reposicao values (5422437870366, 2, 1994724148811, 'Fuji Electric', '2023-07-05 18:25:08', 4, 6787954950079);
insert into evento_reposicao values (4116446086554, 3, 1994724148811, 'Fuji Electric', '2022-06-04 16:50:33', 11, 6787954950079);
insert into evento_reposicao values (1085234046721, 4, 1994724148811, 'Fuji Electric', '2022-02-10 12:57:45', 8, 6787954950079);
insert into evento_reposicao values (2987948307130, 5, 1994724148811, 'Fuji Electric', '2022-03-10 16:45:18', 1, 6787954950079);
insert into evento_reposicao values (2419370101677, 1, 1994724148811, 'Vending lda', '2023-01-03 13:12:26', 23, 3915490959574);
insert into evento_reposicao values (5459415942837, 2, 1994724148811, 'Vending lda', '2023-05-10 15:06:33', 11, 3915490959574);
insert into evento_reposicao values (2573778806042, 3, 1994724148811, 'Vending lda', '2023-01-09 13:26:54', 9, 3915490959574);
insert into evento_reposicao values (0321302005519, 4, 1994724148811, 'Vending lda', '2023-02-01 16:28:08', 10, 3915490959574);
insert into evento_reposicao values (4176419843554, 5, 1994724148811, 'Vending lda', '2022-04-02 18:42:29', 5, 3915490959574);
insert into evento_reposicao values (4161276977659, 1, 3535073013679, 'Vending lda', '2022-08-04 18:42:42', 1, 5538346730286);
insert into evento_reposicao values (5248846151702, 3, 3535073013679, 'Vending lda', '2022-07-04 16:39:32', 23, 5538346730286);
insert into evento_reposicao values (4161276977659, 4, 3535073013679, 'Vending lda', '2023-11-06 12:36:50', 2, 5538346730286);
insert into evento_reposicao values (1837598307905, 5, 3535073013679, 'Vending lda', '2022-09-01 15:28:29', 1, 5538346730286);
insert into evento_reposicao values (1085234046721, 1, 9899990094627, 'GLORY', '2023-08-06 14:12:19', 6, 2677939703594);
insert into evento_reposicao values (1943670441172, 2, 9899990094627, 'GLORY', '2022-05-07 14:58:49', 17, 2677939703594);
insert into evento_reposicao values (2360325987130, 3, 9899990094627, 'GLORY', '2023-04-06 18:10:56', 6, 2677939703594);
insert into evento_reposicao values (7867281547047, 4, 9899990094627, 'GLORY', '2023-11-07 16:52:30', 4, 2677939703594);
insert into evento_reposicao values (5243209551946, 5, 9899990094627, 'GLORY', '2022-10-13 15:03:56', 14, 2677939703594);
insert into evento_reposicao values (8277017071665, 2, 3535073013679, 'Instant Foodies inc', '2023-07-03 18:58:40', 12, 2378179048864);
insert into evento_reposicao values (6347772554585, 4, 3535073013679, 'Instant Foodies inc', '2022-08-07 14:40:43', 23, 2378179048864);
insert into evento_reposicao values (2453609540508, 5, 3535073013679, 'Instant Foodies inc', '2022-06-13 16:05:58', 5, 2378179048864);
insert into evento_reposicao values (9972128589711, 1, 4961530410328, 'Vending lda', '2023-02-15 12:32:08', 23, 4788875231357);
insert into evento_reposicao values (5344744972884, 2, 4961530410328, 'Vending lda', '2023-10-03 13:28:40', 2, 4788875231357);
insert into evento_reposicao values (5788004280332, 3, 4961530410328, 'Vending lda', '2023-12-06 15:14:38', 7, 4788875231357);
insert into evento_reposicao values (1111538823771, 4, 4961530410328, 'Vending lda', '2023-06-05 16:29:48', 9, 4788875231357);
insert into evento_reposicao values (4872647741072, 5, 4961530410328, 'Vending lda', '2023-01-10 14:48:40', 1, 4788875231357);
insert into evento_reposicao values (8533636365161, 1, 3535073013679, 'Fuji Electric', '2022-06-10 15:59:58', 22, 1769001928832);
insert into evento_reposicao values (8940554794292, 2, 3535073013679, 'Fuji Electric', '2022-01-08 12:45:32', 11, 1769001928832);
insert into evento_reposicao values (4161276977659, 3, 3535073013679, 'Fuji Electric', '2023-01-06 16:58:39', 13, 1769001928832);
insert into evento_reposicao values (8995534805862, 4, 3535073013679, 'Fuji Electric', '2023-04-14 13:06:31', 4, 1769001928832);
insert into evento_reposicao values (7867281547047, 5, 3535073013679, 'Fuji Electric', '2023-02-04 17:15:01', 9, 1769001928832);
insert into evento_reposicao values (1625550139699, 1, 8888208809802, 'Instant Foodies inc', '2023-01-14 12:29:42', 2, 1132877923583);
insert into evento_reposicao values (4363392137051, 3, 8888208809802, 'Instant Foodies inc', '2022-11-05 15:52:19', 8, 1132877923583);
insert into evento_reposicao values (1415920407258, 4, 8888208809802, 'Instant Foodies inc', '2022-09-01 12:34:24', 3, 1132877923583);
insert into evento_reposicao values (1388502170230, 5, 8888208809802, 'Instant Foodies inc', '2022-10-10 12:07:06', 6, 1132877923583);
insert into evento_reposicao values (3345786165241, 1, 5348430509603, 'Instant Foodies inc', '2023-05-07 12:19:15', 9, 4605211128102);
insert into evento_reposicao values (8421250231352, 2, 5348430509603, 'Instant Foodies inc', '2023-07-06 14:40:34', 17, 4605211128102);
insert into evento_reposicao values (2573778806042, 3, 5348430509603, 'Instant Foodies inc', '2022-08-04 14:53:44', 14, 4605211128102);
insert into evento_reposicao values (3507797043457, 4, 5348430509603, 'Instant Foodies inc', '2023-01-02 17:55:07', 13, 4605211128102);
insert into evento_reposicao values (2512806864646, 5, 5348430509603, 'Instant Foodies inc', '2022-12-04 14:55:40', 9, 4605211128102);
insert into evento_reposicao values (1746191137346, 1, 4574860484968, 'Instant Foodies inc', '2023-03-15 15:41:54', 7, 3417630879649);
insert into evento_reposicao values (1415920407258, 2, 4574860484968, 'Instant Foodies inc', '2022-09-08 15:06:51', 7, 3417630879649);
insert into evento_reposicao values (2972633052179, 3, 4574860484968, 'Instant Foodies inc', '2023-01-06 16:10:17', 20, 3417630879649);
insert into evento_reposicao values (7940229787025, 4, 4574860484968, 'Instant Foodies inc', '2022-01-13 13:47:55', 8, 3417630879649);
insert into evento_reposicao values (0321302005519, 5, 4574860484968, 'Instant Foodies inc', '2023-05-05 16:16:14', 7, 3417630879649);
insert into evento_reposicao values (5493181691267, 1, 1994724148811, 'Azkoyen Group', '2022-11-04 14:27:54', 7, 8846259194266);
insert into evento_reposicao values (6347772554585, 2, 1994724148811, 'Azkoyen Group', '2022-12-04 14:35:39', 23, 8846259194266);
insert into evento_reposicao values (2149472099442, 3, 1994724148811, 'Azkoyen Group', '2023-05-04 14:26:14', 1, 8846259194266);
insert into evento_reposicao values (2284344530635, 4, 1994724148811, 'Azkoyen Group', '2022-10-08 18:52:27', 21, 8846259194266);
insert into evento_reposicao values (8940554794292, 5, 1994724148811, 'Azkoyen Group', '2023-05-14 16:51:30', 8, 8846259194266);
insert into evento_reposicao values (1961762608074, 1, 4961530410328, 'Fuji Electric', '2023-04-01 16:47:22', 1, 7825838411766);
insert into evento_reposicao values (5311121102624, 2, 4961530410328, 'Fuji Electric', '2022-01-09 12:21:41', 17, 7825838411766);
insert into evento_reposicao values (7940229787025, 3, 4961530410328, 'Fuji Electric', '2023-02-09 16:46:21', 3, 7825838411766);
insert into evento_reposicao values (1517011948532, 4, 4961530410328, 'Fuji Electric', '2022-06-04 12:45:04', 9, 7825838411766);
insert into evento_reposicao values (3892977199091, 5, 4961530410328, 'Fuji Electric', '2023-02-14 13:55:31', 3, 7825838411766);
insert into evento_reposicao values (4363392137051, 1, 4574860484968, 'Fuji Electric', '2023-05-05 14:10:22', 12, 8416517046952);
insert into evento_reposicao values (8519339191682, 2, 4574860484968, 'Fuji Electric', '2023-05-10 13:16:57', 6, 8416517046952);
insert into evento_reposicao values (5422437870366, 3, 4574860484968, 'Fuji Electric', '2022-01-03 18:05:15', 13, 8416517046952);
insert into evento_reposicao values (3410536415212, 1, 4961530410328, 'Azkoyen Group', '2022-03-08 16:53:26', 16, 9281061801443);
insert into evento_reposicao values (3507797043457, 2, 4961530410328, 'Azkoyen Group', '2023-01-11 18:31:25', 16, 9281061801443);
insert into evento_reposicao values (7813862519536, 4, 4961530410328, 'Azkoyen Group', '2022-10-10 15:20:58', 2, 9281061801443);
insert into evento_reposicao values (9309433720727, 5, 4961530410328, 'Azkoyen Group', '2023-04-14 18:25:45', 5, 9281061801443);
insert into evento_reposicao values (8951474757057, 1, 9099724688753, 'Instant Foodies inc', '2022-06-10 13:54:14', 7, 1893660950613);
insert into evento_reposicao values (2510353769360, 2, 9099724688753, 'Instant Foodies inc', '2022-03-08 14:37:52', 3, 1893660950613);
insert into evento_reposicao values (1970399813258, 3, 9099724688753, 'Instant Foodies inc', '2022-11-08 17:27:42', 3, 1893660950613);
insert into evento_reposicao values (2340891527939, 4, 9099724688753, 'Instant Foodies inc', '2023-01-14 16:13:33', 7, 1893660950613);
insert into evento_reposicao values (1837598307905, 5, 9099724688753, 'Instant Foodies inc', '2023-10-13 14:09:08', 29, 1893660950613);
insert into evento_reposicao values (2888818377511, 1, 9899990094627, 'Fuji Electric', '2022-04-03 15:30:21', 2, 9636314992455);
insert into evento_reposicao values (1786796992737, 2, 9899990094627, 'Fuji Electric', '2022-08-04 12:10:48', 4, 9636314992455);
insert into evento_reposicao values (3006258109754, 3, 9899990094627, 'Fuji Electric', '2023-09-13 13:50:01', 8, 9636314992455);
insert into evento_reposicao values (5778006673339, 4, 9899990094627, 'Fuji Electric', '2023-08-11 14:36:48', 17, 9636314992455);
insert into evento_reposicao values (3125750693139, 5, 9899990094627, 'Fuji Electric', '2022-06-06 17:23:23', 10, 9636314992455);
insert into evento_reposicao values (4872647741072, 1, 9099724688753, 'Fuji Electric', '2022-02-15 18:06:32', 19, 1048025576912);
insert into evento_reposicao values (2888818377511, 2, 9099724688753, 'Fuji Electric', '2022-03-01 15:41:27', 19, 1048025576912);
insert into evento_reposicao values (2453609540508, 3, 9099724688753, 'Fuji Electric', '2023-01-08 17:04:51', 17, 1048025576912);
insert into evento_reposicao values (3988656542326, 4, 9099724688753, 'Fuji Electric', '2023-10-02 15:57:02', 14, 1048025576912);
insert into evento_reposicao values (4120646065829, 5, 9099724688753, 'Fuji Electric', '2023-09-03 16:58:46', 15, 1048025576912);
insert into evento_reposicao values (7436239398082, 1, 7462252893192, 'Fuji Electric', '2023-03-13 12:26:22', 2, 3770978070948);
insert into evento_reposicao values (7362307416070, 2, 7462252893192, 'Fuji Electric', '2023-12-15 13:06:35', 9, 3770978070948);
insert into evento_reposicao values (6933349746483, 3, 7462252893192, 'Fuji Electric', '2023-10-11 17:54:42', 1, 3770978070948);
insert into evento_reposicao values (8421250231352, 4, 7462252893192, 'Fuji Electric', '2022-09-14 17:29:13', 1, 3770978070948);
insert into evento_reposicao values (7154465797509, 5, 7462252893192, 'Fuji Electric', '2023-10-01 18:57:52', 1, 3770978070948);
insert into evento_reposicao values (1767913590362, 1, 7462252893192, 'Azkoyen Group', '2022-05-11 18:40:16', 1, 8978167380044);
insert into evento_reposicao values (7403498365885, 2, 7462252893192, 'Azkoyen Group', '2023-04-04 15:28:25', 13, 8978167380044);
insert into evento_reposicao values (5603455607276, 3, 7462252893192, 'Azkoyen Group', '2023-01-05 18:58:04', 5, 8978167380044);
insert into evento_reposicao values (1625550139699, 4, 7462252893192, 'Azkoyen Group', '2023-09-14 18:08:05', 7, 8978167380044);
insert into evento_reposicao values (1588368862294, 5, 7462252893192, 'Azkoyen Group', '2022-01-02 14:33:48', 8, 8978167380044);
insert into evento_reposicao values (8118918266130, 1, 3535073013679, 'Azkoyen Group', '2022-07-01 13:40:27', 2, 2982545428332);
insert into evento_reposicao values (7362307416070, 2, 3535073013679, 'Azkoyen Group', '2022-10-06 16:40:13', 4, 2982545428332);
insert into evento_reposicao values (4176419843554, 3, 3535073013679, 'Azkoyen Group', '2022-12-06 15:39:04', 14, 2982545428332);
insert into evento_reposicao values (5739588863582, 5, 3535073013679, 'Azkoyen Group', '2022-12-15 12:52:46', 16, 2982545428332);
insert into evento_reposicao values (7813862519536, 1, 9099724688753, 'GLORY', '2023-06-06 17:51:37', 2, 3529102244786);
insert into evento_reposicao values (5932150501379, 2, 9099724688753, 'GLORY', '2023-06-02 13:53:10', 6, 3529102244786);
insert into evento_reposicao values (2505292620512, 3, 9099724688753, 'GLORY', '2022-07-04 13:02:18', 5, 3529102244786);
insert into evento_reposicao values (4007856375212, 5, 9099724688753, 'GLORY', '2022-09-10 13:02:09', 2, 3529102244786);
insert into evento_reposicao values (5775680912367, 1, 9899990094627, 'Azkoyen Group', '2022-08-04 18:48:55', 19, 9087042596230);
insert into evento_reposicao values (5778006673339, 2, 9899990094627, 'Azkoyen Group', '2022-09-01 18:20:48', 24, 9087042596230);
insert into evento_reposicao values (9056373519185, 3, 9899990094627, 'Azkoyen Group', '2023-02-07 18:06:44', 4, 9087042596230);
insert into evento_reposicao values (8030185700094, 4, 9899990094627, 'Azkoyen Group', '2022-12-05 12:15:50', 6, 9087042596230);
insert into evento_reposicao values (1071900184324, 5, 9899990094627, 'Azkoyen Group', '2022-05-09 15:06:59', 5, 9087042596230);
insert into evento_reposicao values (4773510772361, 1, 9099724688753, 'Azkoyen Group', '2023-02-06 18:11:03', 17, 2717869371705);
insert into evento_reposicao values (2888818377511, 2, 9099724688753, 'Azkoyen Group', '2022-01-12 18:01:02', 1, 2717869371705);
insert into evento_reposicao values (1943670441172, 3, 9099724688753, 'Azkoyen Group', '2023-04-04 13:12:11', 11, 2717869371705);
insert into evento_reposicao values (2284344530635, 4, 9099724688753, 'Azkoyen Group', '2023-11-14 12:32:13', 6, 2717869371705);
insert into evento_reposicao values (9148643601559, 5, 9099724688753, 'Azkoyen Group', '2023-08-10 13:45:40', 3, 2717869371705);
insert into evento_reposicao values (1388502170230, 1, 8888208809802, 'GLORY', '2022-07-12 17:19:38', 14, 5880934365457);
insert into evento_reposicao values (1625550139699, 2, 8888208809802, 'GLORY', '2022-06-13 14:02:40', 6, 5880934365457);
insert into evento_reposicao values (1555053245786, 4, 8888208809802, 'GLORY', '2023-03-05 17:41:31', 3, 5880934365457);
insert into evento_reposicao values (7813862519536, 5, 8888208809802, 'GLORY', '2023-08-01 14:03:03', 3, 5880934365457);
insert into evento_reposicao values (4087699796587, 1, 5348430509603, 'Fuji Electric', '2022-11-11 15:28:59', 3, 5126790930207);
insert into evento_reposicao values (7362307416070, 2, 5348430509603, 'Fuji Electric', '2023-03-03 18:19:51', 1, 5126790930207);
insert into evento_reposicao values (8450196743835, 3, 5348430509603, 'Fuji Electric', '2022-09-05 13:10:33', 3, 5126790930207);
insert into evento_reposicao values (5947269556256, 4, 5348430509603, 'Fuji Electric', '2023-02-11 15:16:10', 6, 5126790930207);
insert into evento_reposicao values (7917634690250, 5, 5348430509603, 'Fuji Electric', '2022-03-05 14:34:41', 3, 5126790930207);
insert into evento_reposicao values (4364545572541, 1, 8888208809802, 'Fuji Electric', '2023-04-10 18:01:22', 5, 9425493289689);
insert into evento_reposicao values (5739588863582, 2, 8888208809802, 'Fuji Electric', '2023-04-06 13:49:59', 8, 9425493289689);
insert into evento_reposicao values (2505292620512, 3, 8888208809802, 'Fuji Electric', '2022-01-11 12:49:40', 14, 9425493289689);
insert into evento_reposicao values (3988656542326, 4, 8888208809802, 'Fuji Electric', '2022-10-13 16:53:40', 4, 9425493289689);
insert into evento_reposicao values (8995534805862, 1, 7485419189999, 'GLORY', '2022-06-13 18:12:48', 6, 2771899030136);
insert into evento_reposicao values (8995534805862, 2, 7485419189999, 'GLORY', '2023-01-02 17:24:05', 14, 2771899030136);
insert into evento_reposicao values (3006258109754, 3, 7485419189999, 'GLORY', '2023-11-06 13:39:16', 5, 2771899030136);
insert into evento_reposicao values (8613107322864, 4, 7485419189999, 'GLORY', '2023-03-06 16:50:20', 8, 2771899030136);
insert into evento_reposicao values (5311121102624, 5, 7485419189999, 'GLORY', '2023-03-10 16:42:49', 26, 2771899030136);
CREATE VIEW Vendas(ean, cat, ano, trimestre, mes, dia_mes, dia_semana, distrito, concelho, unidades) AS SELECT rep_event.ean,  has_cat.categoria_simples_nome, to_char(instante, 'YYYY'), to_char(instante, 'Q'), to_char(instante, 'MM'), to_char(instante, 'DD'), to_char(instante, 'D'), pont_ret.distrito, pont_ret.concelho, unidades FROM evento_reposicao AS rep_event JOIN instalada_em AS inst ON rep_event.num_serie = inst.num_serie AND rep_event.fabricante = inst.fabricante JOIN ponto_de_retalho as pont_ret ON inst.ponto_de_retalho_nome = pont_ret.ponto_de_retalho_nome JOIN tem_categoria as has_cat ON rep_event.ean = has_cat.ean ORDER BY rep_event.instante;
CREATE VIEW hierarquias_cat(sub_categoria, super_categoria) AS SELECT c.categoria_nome, "to".super_categoria_nome FROM tem_outra "to" RIGHT OUTER JOIN categoria c ON "to".categoria_nome=c.categoria_nome;
